molecule_chembl_id,canonical_smiles,bioactivity_class,standard_value
CHEMBL1788203,CCCC[C@H](CC(=O)NO)S(=O)(=O)c1ccccc1,active,42.0
CHEMBL263501,CCCCC(CC(=O)NO)S(=O)(=O)c1ccccc1,active,12.0
CHEMBL2092878,CCCC[C@@H](CC(=O)NO)S(=O)(=O)c1ccccc1,active,9.0
CHEMBL77258,CCCCC(CC(=O)NO)S(=O)(=O)C1CCCCC1,active,14.0
CHEMBL78001,CCCCC(CC(=O)NO)S(=O)(=O)c1ccc2ccccc2c1,active,13.0
CHEMBL148406,Nc1ccc(S(=O)(=O)N2CCc3cc(O)ccc3C2C(=O)NO)cc1,active,191.0
CHEMBL147882,Cc1ccc(S(=O)(=O)N2CCc3cc(O)ccc3C2C(=O)NO)cc1,active,29.0
CHEMBL148171,COc1cc2c(cc1O)CCN(S(=O)(=O)c1ccccc1)C2C(=O)NO,active,65.0
CHEMBL19611,CNC(=O)[C@H](Cc1c[nH]c2ccccc12)NC(=O)[C@@H](CC(=O)NO)CC(C)C,active,13.0
CHEMBL424130,O=C(NO)C1c2ccc(O)cc2CCN1S(=O)(=O)c1cc(Cl)ccc1Cl,active,170.0
CHEMBL147881,O=C(NO)C1c2ccc(OCc3ccccc3)cc2CCN1S(=O)(=O)c1ccccc1,active,57.0
CHEMBL148214,COc1ccc(S(=O)(=O)N2CCc3cc(O)c(OC)cc3C2C(=O)NO)cc1,active,20.0
CHEMBL356124,COc1ccc(S(=O)(=O)N2CCc3cc(O)ccc3C2C(=O)NO)cc1,intermediate,7689.0
CHEMBL358539,COc1ccc(S(=O)(=O)N2CCc3cc(OCc4ccccc4)ccc3C2C(=O)NO)cc1,active,57.0
CHEMBL147489,O=C(NO)C1c2ccc(O)cc2CCN1S(=O)(=O)c1ccc([N+](=O)[O-])cc1,active,59.0
CHEMBL147604,O=C(NO)C1c2ccc(OCc3ccccc3)cc2CCN1S(=O)(=O)c1cc(Cl)ccc1Cl,active,931.0
CHEMBL146718,Cc1ccc(S(=O)(=O)N2CCc3cc(OCc4ccccc4)ccc3C2C(=O)NO)cc1,active,72.0
CHEMBL146289,O=C(NO)C1c2ccc(O)cc2CCN1S(=O)(=O)c1ccccc1,active,421.0
CHEMBL116944,C[C@@H](C[C@@H](CO)NC(=O)c1ccc(Oc2ccccc2)cc1)C(=O)NO,active,3.5
CHEMBL118497,C[C@@H](C[C@@H](COC(=O)CCC(=O)O)NC(=O)c1ccc(Oc2ccccc2)cc1)C(=O)NO,active,2.6
CHEMBL290377,CNC(=O)[C@@H](NC(=O)C(CCc1ccccc1)CP(=O)(O)Cc1ccc(Cc2ccccc2)cc1)C(C)(C)C,active,8.2
CHEMBL77163,CNC(=O)[C@@H](NC(=O)C(CCc1ccc(Cl)cc1)CP(=O)(O)Cc1ccc(Cc2ccccc2)cc1)C(C)(C)C,active,1.7
CHEMBL111856,O=C(NO)C1(NS(=O)(=O)c2ccc(Oc3ccc(F)cc3)cc2)CCOCC1,active,0.24
CHEMBL77995,CNC(=O)[C@@H](NC(=O)C(CCc1ccccc1)CP(=O)(O)Cc1ccc(Cc2ccccc2OC)cc1)C(C)(C)C,active,4.0
CHEMBL78233,CNC(=O)[C@@H](NC(=O)C(CCc1ccccc1)CP(=O)(O)Cc1ccccc1)C(C)(C)C,active,93.0
CHEMBL308277,CNC(=O)[C@@H](NC(=O)C(CCc1ccc(Cl)cc1)CP(=O)(O)Cc1ccc(Cc2ccccc2OC)cc1)C(C)(C)C,active,5.0
CHEMBL298647,O=C(CN1Cc2c(Cl)cccc2NC1=O)NO,inactive,100000.0
CHEMBL299946,O=C(CN1Cc2c(Cl)cccc2NS1(=O)=O)NO,inactive,100000.0
CHEMBL181817,CC1CCC(OC(=O)NC(=O)c2cc(-c3ccc(OC(F)(F)F)cc3)cs2)CC1,active,400.0
CHEMBL179285,O=C(N[C@@H](C(=O)O)c1ccccc1)c1cc(-c2ccc(-c3ccncc3)cc2)cs1,active,14.0
CHEMBL368013,O=C(NCCN1CCOCC1)c1cc(-c2ccc(-c3ccccc3)cc2)cs1,active,400.0
CHEMBL367148,Cc1ccc(COC(=O)NC(=O)c2cc(-c3ccc(OC(F)(F)F)cc3)cs2)cc1,active,400.0
CHEMBL181682,COc1ccc(-c2csc(C(=O)NCCN3CCOCC3)c2)cc1,inactive,13000.0
CHEMBL181682,COc1ccc(-c2csc(C(=O)NCCN3CCOCC3)c2)cc1,active,230.0
CHEMBL179177,Cc1ccc(COC(=O)NC(=O)c2cc(-c3ccc(-c4ccccc4)cc3)cs2)cc1,active,70.0
CHEMBL182038,O=C(NCCN1CCOCC1)c1cc(-c2ccc(-c3ccncc3)cc2)cs1,active,100.0
CHEMBL182038,O=C(NCCN1CCOCC1)c1cc(-c2ccc(-c3ccncc3)cc2)cs1,active,100.0
CHEMBL180762,Cc1ccc(COC(=O)NC(=O)c2cc(-c3ccc(-c4ccccc4O)cc3)cs2)cc1,active,70.0
CHEMBL180875,O=C(NCCN1CCOCC1)c1cc(-c2ccc(C3CCCCC3)cc2)cs1,active,460.0
CHEMBL178652,O=C(N[C@@H](C(=O)O)c1ccccc1)c1cc(-c2ccc(OC(F)(F)F)cc2)cs1,active,180.0
CHEMBL179287,O=C(N[C@H](C(=O)O)c1ccccc1)c1cc(-c2ccc(OC(F)(F)F)cc2)cs1,intermediate,8300.0
CHEMBL181878,CC(=O)c1ccc(-c2ccc(-c3csc(C(=O)NCCN4CCOCC4)c3)cc2)cc1,active,57.0
CHEMBL183410,CCOCCC1(Oc2ccc(Oc3ccc(-c4nnco4)cc3)cc2)C(=O)NC(=O)C(N)C1=O,active,29.0
CHEMBL366111,O=C(NO)[C@@]1(O)COCC[C@H]1S(=O)(=O)c1ccc(OCc2ccc(Cl)cc2Cl)cc1,active,0.95
CHEMBL199666,CCCCCCC(CC(=O)O)C(=O)c1ccc(C#Cc2ccc(Cl)cc2)cc1,active,200.0
CHEMBL19611,CNC(=O)[C@H](Cc1c[nH]c2ccccc12)NC(=O)[C@@H](CC(=O)NO)CC(C)C,active,13.0
CHEMBL377700,O=C(O)CC(Cc1ccc(F)cc1)C(=O)c1ccc(C#Cc2ccccc2)cc1,intermediate,1140.0
CHEMBL201206,O=C(O)CC(Cc1ccccc1)C(=O)c1ccc(C#Cc2ccccc2)cc1,active,600.0
CHEMBL379247,O=C(O)CC(CC1CCCC1)C(=O)c1ccc(C#Cc2ccccc2)cc1,active,320.0
CHEMBL201298,CCCCCCC(CC(=O)O)C(=O)c1ccc(C#Cc2ccccc2)cc1,active,450.0
CHEMBL202875,CCC(CC(=O)O)C(=O)c1ccc(C#Cc2ccccc2)cc1,active,480.0
CHEMBL203139,CCC(CC(=O)O)C(=O)c1ccc(C#CCOCc2ccccc2)cc1,intermediate,7560.0
CHEMBL199314,O=C(O)CCC(=O)c1ccc(C#CCOCc2ccccc2)cc1,inactive,25740.0
CHEMBL373275,CCCCCCCCC#Cc1ccc(C(=O)CCC(=O)O)cc1,inactive,12480.0
CHEMBL203199,O=C(O)CCC(=O)c1ccc(C#CCO)cc1,inactive,24690.0
CHEMBL230806,Nc1nc2ccnc(-c3cc(Br)c(Br)[nH]3)c2[nH]1,intermediate,3660.0
CHEMBL394363,Brc1cc(-c2nccc3[nH]cnc23)[nH]c1Br,inactive,43600.0
CHEMBL230085,CN(C)c1nc2c(-c3cc(Br)c(Br)[nH]3)nccc2[nH]1,inactive,100000.0
CHEMBL230084,CNc1nc2c(-c3cc(Br)c(Br)[nH]3)nccc2n1C,inactive,100000.0
CHEMBL394362,Cn1c(N)nc2c(-c3cc(Br)c(Br)[nH]3)nccc21,inactive,56900.0
CHEMBL395712,CNc1nc2c(-c3cc(Br)c(Br)[nH]3)nccc2[nH]1,inactive,10400.0
CHEMBL230196,Cn1c(-c2nccc3[nH]c(N)nc23)cc(Br)c1Br,inactive,100000.0
CHEMBL230194,Nc1nc2c(-c3ccc[nH]3)nccc2[nH]1,inactive,100000.0
CHEMBL395799,Nc1nc2c(-c3ccc(Br)[nH]3)nccc2[nH]1,inactive,100000.0
CHEMBL231012,Nc1nc2c(-c3cc(Br)c[nH]3)nccc2[nH]1,inactive,100000.0
CHEMBL12318,O=P(O)(O)C(Cl)(Cl)P(=O)(O)O,inactive,121000.0
CHEMBL236523,CCCc1ccc2c(c1)NC(=O)C21NN=C(c2ccc(OC)cc2)S1,intermediate,1700.0
CHEMBL237366,COc1ccc(C2=NNC3(S2)C(=O)N(c2ccccc2C)c2ccc(C)cc23)cc1,inactive,22000.0
CHEMBL401435,COc1ccc(C2=NNC3(S2)C(=O)N(Cc2ccccc2)c2ccc(C)cc23)cc1,inactive,22000.0
CHEMBL237149,COc1ccc(C2=NNC3(S2)C(=O)N(Cc2ccccc2)c2ccccc23)cc1,intermediate,5600.0
CHEMBL290377,CNC(=O)[C@@H](NC(=O)C(CCc1ccccc1)CP(=O)(O)Cc1ccc(Cc2ccccc2)cc1)C(C)(C)C,active,8.128
CHEMBL78233,CNC(=O)[C@@H](NC(=O)C(CCc1ccccc1)CP(=O)(O)Cc1ccccc1)C(C)(C)C,active,93.33
CHEMBL308277,CNC(=O)[C@@H](NC(=O)C(CCc1ccc(Cl)cc1)CP(=O)(O)Cc1ccc(Cc2ccccc2OC)cc1)C(C)(C)C,active,5.012
CHEMBL77995,CNC(=O)[C@@H](NC(=O)C(CCc1ccccc1)CP(=O)(O)Cc1ccc(Cc2ccccc2OC)cc1)C(C)(C)C,active,3.981
CHEMBL77163,CNC(=O)[C@@H](NC(=O)C(CCc1ccc(Cl)cc1)CP(=O)(O)Cc1ccc(Cc2ccccc2)cc1)C(C)(C)C,active,1.698
CHEMBL445939,CC(C)OC(=O)c1cccc(=O)[nH]1,inactive,67000.0
CHEMBL428762,C(=C/c1ccccc1)\Cn1nnc(Cc2cccnc2)n1,inactive,150000.0
CHEMBL400358,c1ccc(CCCn2nnc(Cc3cccnc3)n2)cc1,inactive,150000.0
CHEMBL251465,c1ccc(CCn2nnc(Cc3cccnc3)n2)cc1,inactive,150000.0
CHEMBL399998,c1cncc(Cc2nn[nH]n2)c1,inactive,150000.0
CHEMBL249249,C(=C/c1ccccc1)\Cn1cc(C2=NCCO2)nn1,inactive,61000.0
CHEMBL249863,c1ccc(CCCn2cc(C3=NCCO3)nn2)cc1,inactive,150000.0
CHEMBL400851,c1ccc(CCn2cc(C3=NCCO3)nn2)cc1,inactive,150000.0
CHEMBL249862,c1ccc(Cn2cc(C3=NCCO3)nn2)cc1,inactive,150000.0
CHEMBL249861,CCCCCCn1cc(C2=NCCO2)nn1,inactive,150000.0
CHEMBL249860,C1=C(n2cc(C3=NCCO3)nn2)CCCC1,inactive,150000.0
CHEMBL249859,CCCCCCOC(=O)c1cccc(S)n1,inactive,105000.0
CHEMBL399999,O=C(Oc1ccsc1)c1cccc(S)n1,inactive,93000.0
CHEMBL250070,O=C(OCc1ccc(Oc2ccccc2)cc1)c1cccc(S)n1,inactive,109000.0
CHEMBL250069,O=C(OCc1cccc(Oc2ccccc2)c1)c1cccc(S)n1,inactive,71000.0
CHEMBL251426,O=C(OCc1cccc(-c2ccccc2)c1)c1cccc(S)n1,inactive,52000.0
CHEMBL251425,O=C(OCc1ccc(-c2ccccc2)cc1)c1cccc(S)n1,inactive,135000.0
CHEMBL251424,O=C(Oc1ccc2ccccc2c1)c1cccc(S)n1,inactive,101000.0
CHEMBL251423,O=C(Oc1cccc2ccccc12)c1cccc(S)n1,inactive,150000.0
CHEMBL399997,O=C(OCc1ccccc1Br)c1cccc(S)n1,inactive,150000.0
CHEMBL251081,O=C(OCc1ccc(Cl)cc1)c1cccc(S)n1,inactive,115000.0
CHEMBL250059,O=C(OCc1cc(F)c(F)cc1F)c1cccc(S)n1,inactive,106000.0
CHEMBL400449,O=C(OCc1cc(F)ccc1F)c1cccc(S)n1,inactive,17000.0
CHEMBL250058,O=C(OCc1c(F)cccc1F)c1cccc(S)n1,inactive,127000.0
CHEMBL250057,O=C(OCc1ccc(F)cc1)c1cccc(S)n1,inactive,112000.0
CHEMBL254611,O=C(OCc1cccc(F)c1)c1cccc(S)n1,inactive,151000.0
CHEMBL254610,O=C(OCCCCOc1ccccc1)c1cccc(S)n1,inactive,78000.0
CHEMBL399908,COc1ccc(COC(=O)c2cccc(S)n2)cc1,inactive,96000.0
CHEMBL254406,COc1cccc(COC(=O)c2cccc(S)n2)c1,inactive,78000.0
CHEMBL398662,O=C(OCc1ccc(C(F)(F)F)cc1)c1cccc(S)n1,inactive,94000.0
CHEMBL254405,O=C(OCc1cccc(C(F)(F)F)c1)c1cccc(S)n1,inactive,134000.0
CHEMBL254404,Cc1ccc(COC(=O)c2cccc(S)n2)cc1,inactive,81000.0
CHEMBL254403,Cc1cccc(COC(=O)c2cccc(S)n2)c1,inactive,70000.0
CHEMBL252523,O=C(OCCCc1ccccc1)c1cccc(S)n1,inactive,85000.0
CHEMBL252522,O=C(OCCc1ccccc1)c1cccc(S)n1,inactive,117000.0
CHEMBL402720,O=C(OCc1ccccc1)c1cccc(S)n1,inactive,82000.0
CHEMBL442286,O=C(OC1CCCCC1)c1cccc(S)n1,inactive,87000.0
CHEMBL252327,O=C(OC1CCC1)c1cccc(S)n1,inactive,150000.0
CHEMBL404205,CC(C)OC(=O)c1cccc(S)n1,inactive,146000.0
CHEMBL252326,CCCCCOC(=O)c1cccc(=O)[nH]1,inactive,68000.0
CHEMBL254821,O=C(Oc1ccco1)c1cccc(=O)[nH]1,inactive,76000.0
CHEMBL398838,O=C(Oc1ccsc1)c1cccc(=O)[nH]1,inactive,62000.0
CHEMBL254039,O=C(Oc1cccs1)c1cccc(=O)[nH]1,inactive,65000.0
CHEMBL254038,O=C(OCc1cccc(Oc2ccccc2)c1)c1cccc(=O)[nH]1,inactive,118000.0
CHEMBL253835,O=C(OCc1cccc(-c2ccccc2)c1)c1cccc(=O)[nH]1,inactive,99000.0
CHEMBL253189,O=C(OCc1ccc2c(c1)OCO2)c1cccc(=O)[nH]1,inactive,105000.0
CHEMBL253188,O=C(Oc1ccc2ccccc2c1)c1cccc(=O)[nH]1,inactive,97000.0
CHEMBL399504,O=C(Oc1cccc2ccccc12)c1cccc(=O)[nH]1,inactive,111000.0
CHEMBL254657,O=C(OC/C=C/c1ccccc1)c1cccc(=O)[nH]1,inactive,70000.0
CHEMBL254448,O=C(OCc1ccc(Br)cc1)c1cccc(=O)[nH]1,inactive,105000.0
CHEMBL254240,O=C(OCc1cccc(Br)c1)c1cccc(=O)[nH]1,inactive,31000.0
CHEMBL254239,O=C(OCc1ccccc1Br)c1cccc(=O)[nH]1,inactive,44000.0
CHEMBL254238,O=C(OCc1ccc(Cl)cc1)c1cccc(=O)[nH]1,inactive,47000.0
CHEMBL253823,O=C(OCc1cccc(Cl)c1)c1cccc(=O)[nH]1,inactive,46000.0
CHEMBL399685,O=C(OCc1ccccc1Cl)c1cccc(=O)[nH]1,inactive,68000.0
CHEMBL253820,O=C(OCc1c(F)c(F)c(F)c(F)c1F)c1cccc(=O)[nH]1,inactive,63000.0
CHEMBL253605,O=C(OCc1c(F)cc(F)cc1F)c1cccc(=O)[nH]1,inactive,31000.0
CHEMBL399684,O=C(OCc1cc(F)cc(F)c1)c1cccc(=O)[nH]1,inactive,20000.0
CHEMBL399304,O=C(OCc1cc(F)ccc1F)c1cccc(=O)[nH]1,inactive,100000.0
CHEMBL253375,O=C(OCc1c(F)cccc1F)c1cccc(=O)[nH]1,inactive,60000.0
CHEMBL253374,O=C(OCc1ccc(F)cc1)c1cccc(=O)[nH]1,inactive,65000.0
CHEMBL398892,O=C(OCc1cccc(F)c1)c1cccc(=O)[nH]1,inactive,16000.0
CHEMBL253373,O=C(OCc1ccccc1F)c1cccc(=O)[nH]1,inactive,68000.0
CHEMBL253372,O=C(OCCCCOc1ccccc1)c1cccc(=O)[nH]1,inactive,82000.0
CHEMBL438519,O=C(OCCOc1ccccc1)c1cccc(=O)[nH]1,inactive,79000.0
CHEMBL253172,COc1ccc(COC(=O)c2cccc(=O)[nH]2)cc1,inactive,105000.0
CHEMBL252965,COc1cccc(COC(=O)c2cccc(=O)[nH]2)c1,inactive,69000.0
CHEMBL1162966,O=C(OCc1ccc(C(F)(F)F)cc1)c1cccc(=O)[nH]1,inactive,64000.0
CHEMBL254006,O=C(OCc1cccc(C(F)(F)F)c1)c1cccc(=O)[nH]1,inactive,82000.0
CHEMBL253801,Cc1ccc(COC(=O)c2cccc(=O)[nH]2)cc1,inactive,69000.0
CHEMBL255051,O=C(OCCc1ccccc1)c1cccc(=O)[nH]1,inactive,68000.0
CHEMBL399070,O=C(OCc1ccccc1)c1cccc(=O)[nH]1,inactive,69000.0
CHEMBL254838,O=C(OC1CCCCC1)c1cccc(=O)[nH]1,inactive,71000.0
CHEMBL254837,CC#CCOC(=O)c1cccc(=O)[nH]1,inactive,71000.0
CHEMBL254627,CC(C)=CCOC(=O)c1cccc(=O)[nH]1,inactive,67000.0
CHEMBL251937,O=C(OC1CCC1)c1cccc(=O)[nH]1,inactive,51000.0
CHEMBL398450,O=C(OCc1cc(F)c(F)cc1F)c1cccc(=O)[nH]1,inactive,56000.0
CHEMBL400850,CCCCCCCn1cc(C2=NCCO2)nn1,inactive,150000.0
CHEMBL400357,c1ccc(Cn2nnc(Cc3cccnc3)n2)cc1,inactive,150000.0
CHEMBL402436,CSc1nc2ccccc2n1Cc1ccc(C(=O)N[C@@H]2CN(C(=O)OC(C)(C)C)C[C@@H]2C(=O)NO)cc1,active,540.0
CHEMBL403186,Cc1nc2ccccc2n1Cc1ccc(C(=O)N[C@@H]2CN(C(=O)OC(C)(C)C)C[C@@H]2C(=O)NO)cc1,active,250.0
CHEMBL447787,CC(C)c1nc2ccccc2n1Cc1ccc(C(=O)N[C@@H]2CN(C(=O)OC(C)(C)C)C[C@@H]2C(=O)NO)cc1,active,390.0
CHEMBL253275,O=C(N[C@@H]1CCOC[C@@H]1C(=O)NO)c1ccc(Cn2c(C(F)(F)F)nc3ccccc32)cc1,intermediate,8000.0
CHEMBL409536,O=C(OCc1ccccc1)c1cn2c(=O)n(Cc3ccccc3)c(=O)cc2s1,inactive,100000.0
CHEMBL270083,N[C@H]1CCCC[C@H]1NC(=O)P(=O)(O)O,inactive,100000.0
CHEMBL270296,N[C@@H]1CCCC[C@H]1NC(=O)P(=O)(O)O,inactive,100000.0
CHEMBL409536,O=C(OCc1ccccc1)c1cn2c(=O)n(Cc3ccccc3)c(=O)cc2s1,inactive,100000.0
CHEMBL19611,CNC(=O)[C@H](Cc1c[nH]c2ccccc12)NC(=O)[C@@H](CC(=O)NO)CC(C)C,active,5.1
CHEMBL496942,Cn1c(=O)n(Cc2ccc(C(=O)O)cc2)c(=O)c2cc(C#CCc3ccccc3)ccc21,inactive,100000.0
CHEMBL253275,O=C(N[C@@H]1CCOC[C@@H]1C(=O)NO)c1ccc(Cn2c(C(F)(F)F)nc3ccccc32)cc1,intermediate,8000.0
CHEMBL508461,O=C(O)C[C@@H](NC(=O)c1cc(-c2ccc(-c3ccncc3)cc2)cs1)c1ccccc1,active,14.0
CHEMBL270083,N[C@H]1CCCC[C@H]1NC(=O)P(=O)(O)O,inactive,100000.0
CHEMBL497985,CN1CC2(CC2)C[C@H](C(=O)NO)[C@H]1C(=O)N1CCN(c2ccc(C(F)(F)F)cn2)CC1,active,564.0
CHEMBL434567,COC(=O)N1CC2(CC2)C[C@H](C(=O)NO)[C@H]1C(=O)N1CC=C(c2ccccc2)CC1,active,17.0
CHEMBL401435,COc1ccc(C2=NNC3(S2)C(=O)N(Cc2ccccc2)c2ccc(C)cc23)cc1,inactive,22000.0
CHEMBL187523,CC(C)[C@H](NS(=O)(=O)c1ccc(-c2ccc(NC(=O)c3cc4ccccc4o3)cc2)cc1)C(=O)O,active,14.0
CHEMBL449228,CC(C)[C@@H](NS(=O)(=O)c1ccc2oc3ccccc3c2c1)C(=O)O,active,38.0
CHEMBL515439,CC(C)[C@H](NS(=O)(=O)c1ccc2oc3ccccc3c2c1)C(=O)O,active,600.0
CHEMBL475230,CC(C)[C@@H](NS(=O)(=O)c1ccc2oc3cc(NS(C)(=O)=O)ccc3c2c1)C(=O)O,active,11.0
CHEMBL475231,CC(C)[C@H](NS(=O)(=O)c1ccc2oc3cc(NS(C)(=O)=O)ccc3c2c1)C(=O)O,active,170.0
CHEMBL474397,CC(C)[C@@H](NS(=O)(=O)c1ccc2oc3cc(NS(=O)(=O)C(C)C)ccc3c2c1)C(=O)O,active,50.0
CHEMBL474398,Cc1noc(C)c1S(=O)(=O)Nc1ccc2c(c1)oc1ccc(S(=O)(=O)N[C@@H](C(=O)O)C(C)C)cc12,intermediate,2500.0
CHEMBL473610,CC(C)[C@@H](NS(=O)(=O)c1ccc2oc3cc(NS(=O)(=O)c4ccccc4)ccc3c2c1)C(=O)O,active,100.0
CHEMBL473611,CC(C)[C@H](NS(=O)(=O)c1ccc2c(c1)oc1ccc(NS(C)(=O)=O)cc12)C(=O)O,active,10.3
CHEMBL475619,CC(C)[C@H](NS(=O)(=O)c1ccc2c(c1)oc1ccc(NS(=O)(=O)CC(F)(F)F)cc12)C(=O)O,active,70.0
CHEMBL474456,COC(=O)Nc1ccc2c(c1)oc1ccc(S(=O)(=O)N[C@@H](C(=O)O)C(C)C)cc12,active,7.2
CHEMBL474457,CCCOC(=O)Nc1ccc2c(c1)oc1ccc(S(=O)(=O)N[C@@H](C(=O)O)C(C)C)cc12,active,14.0
CHEMBL474622,CC(C)OC(=O)Nc1ccc2c(c1)oc1ccc(S(=O)(=O)N[C@@H](C(=O)O)C(C)C)cc12,active,39.0
CHEMBL492314,CC(C)[C@@H](NS(=O)(=O)c1ccc2oc3cc(NC(=O)Oc4ccccc4)ccc3c2c1)C(=O)O,active,45.0
CHEMBL450549,COC(=O)Nc1cc2oc3ccc(S(=O)(=O)N[C@@H](C(=O)O)C(C)C)cc3c2cc1Br,intermediate,1050.0
CHEMBL492315,COC(=O)Nc1cc2oc3ccc(S(=O)(=O)N[C@H](C(=O)O)C(C)C)cc3c2cc1Br,intermediate,3900.0
CHEMBL523034,COC(=O)Nc1ccc2oc3cc(S(=O)(=O)N[C@H](C(=O)O)C(C)C)ccc3c2c1,active,2.0
CHEMBL523035,CCOC(=O)Nc1ccc2oc3cc(S(=O)(=O)N[C@H](C(=O)O)C(C)C)ccc3c2c1,active,5.0
CHEMBL494528,CCCOC(=O)Nc1ccc2oc3cc(S(=O)(=O)N[C@H](C(=O)O)C(C)C)ccc3c2c1,active,5.6
CHEMBL494529,CC(C)COC(=O)Nc1ccc2oc3cc(S(=O)(=O)N[C@H](C(=O)O)C(C)C)ccc3c2c1,active,4.7
CHEMBL523201,CC(C)[C@H](NS(=O)(=O)c1ccc2c(c1)oc1ccc(NC(=O)OCCF)cc12)C(=O)O,active,2.1
CHEMBL523357,CC(C)[C@H](NS(=O)(=O)c1ccc2c(c1)oc1ccc(NC(=O)Oc3ccccc3)cc12)C(=O)O,active,10.2
CHEMBL493750,CC(C)[C@H](NS(=O)(=O)c1ccc2c(c1)oc1ccc(NC(=O)Oc3ccccc3Cl)cc12)C(=O)O,active,6.6
CHEMBL492531,CC(C)[C@H](NS(=O)(=O)c1ccc2c(c1)oc1ccc(NC(=O)Oc3ccc(F)cc3)cc12)C(=O)O,active,8.1
CHEMBL523670,Cc1ccc(OC(=O)Nc2ccc3oc4cc(S(=O)(=O)N[C@H](C(=O)O)C(C)C)ccc4c3c2)cc1,active,14.0
CHEMBL523001,CC(C)[C@H](NS(=O)(=O)c1ccc2c(c1)oc1ccc(NC(N)=O)cc12)C(=O)O,active,7.6
CHEMBL492952,CC(C)[C@H](NS(=O)(=O)c1ccc2c(c1)oc1ccc(NC(=O)NC3CCCC3)cc12)C(=O)O,active,5.0
CHEMBL523683,CC(C)[C@H](NS(=O)(=O)c1ccc2c(c1)oc1ccc(NC(=O)Nc3ccsc3)cc12)C(=O)O,active,0.9
CHEMBL493356,CC(C)[C@H](NS(=O)(=O)c1ccc2c(c1)oc1ccc(NC(=O)NCCc3cccs3)cc12)C(=O)O,active,1.1
CHEMBL493958,COC(=O)Nc1ccc2c(c1)oc1cc(S(=O)(=O)N[C@H](C(=O)O)C(C)C)ccc12,active,12.0
CHEMBL492904,CC(C)[C@H](NS(=O)(=O)c1ccc2c(c1)oc1cc(NC(=O)OCCF)ccc12)C(=O)O,active,10.0
CHEMBL492905,CC(C)[C@H](NS(=O)(=O)c1ccc2c(c1)oc1cc(NC(=O)Oc3ccc(F)cc3)ccc12)C(=O)O,active,16.0
CHEMBL449325,COc1ccc2nc[nH]c2c1,inactive,2000000.0
CHEMBL19611,CNC(=O)[C@H](Cc1c[nH]c2ccccc12)NC(=O)[C@@H](CC(=O)NO)CC(C)C,active,1.0
CHEMBL156406,O=C1NC(=O)C(c2ccccc2)N1,active,290.0
CHEMBL485691,Cc1ccc2c(c1)NC(=O)CO2,inactive,355000.0
CHEMBL485690,Cc1nc(-c2ccc3c(c2)CCC(=O)N3)cs1,inactive,5000000.0
CHEMBL503690,Cn1cc2c(n1)-c1cc(Cl)ccc1SC2,inactive,1000000.0
CHEMBL460725,Nc1c(N2CCc3ccc(CNC(=O)c4nc5sc6c(c5c(=O)[nH]4)CCS(=O)(=O)C6)cc3C2)c(=O)c1=O,intermediate,5000.0
CHEMBL460899,NC(=O)CC1CCCc2sc3nc(C(=O)NCc4ccc5c(c4)NC(=O)CO5)[nH]c(=O)c3c21,inactive,10000.0
CHEMBL4859268,CC(C)(Cc1ccc(F)cc1)NC(=O)[C@H](CCC(=O)O)NC(=O)c1ccc(-c2ccccc2)cc1,inactive,25000.0
CHEMBL187523,CC(C)[C@H](NS(=O)(=O)c1ccc(-c2ccc(NC(=O)c3cc4ccccc4o3)cc2)cc1)C(=O)O,active,14.0
CHEMBL523034,COC(=O)Nc1ccc2oc3cc(S(=O)(=O)N[C@H](C(=O)O)C(C)C)ccc3c2c1,active,2.0
CHEMBL449228,CC(C)[C@@H](NS(=O)(=O)c1ccc2oc3ccccc3c2c1)C(=O)O,active,38.0
CHEMBL515439,CC(C)[C@H](NS(=O)(=O)c1ccc2oc3ccccc3c2c1)C(=O)O,active,600.0
CHEMBL570310,CC(C)[C@@H](NS(=O)(=O)c1ccc2sc3ccccc3c2c1)C(=O)O,active,87.0
CHEMBL551190,CC(C)[C@H](NS(=O)(=O)c1ccc2sc3ccccc3c2c1)C(=O)O,active,750.0
CHEMBL552376,CC(C)[C@@H](NS(=O)(=O)c1ccc2sc3cc(NS(C)(=O)=O)ccc3c2c1)C(=O)O,intermediate,4400.0
CHEMBL552377,CC(C)[C@H](NS(=O)(=O)c1ccc2sc3cc(NS(C)(=O)=O)ccc3c2c1)C(=O)O,intermediate,2100.0
CHEMBL562850,CC(C)[C@@H](NS(=O)(=O)c1ccc2c(c1)sc1ccc(NS(C)(=O)=O)cc12)C(=O)O,active,60.0
CHEMBL551655,CC(C)[C@H](NS(=O)(=O)c1ccc2c(c1)sc1ccc(NS(C)(=O)=O)cc12)C(=O)O,active,50.0
CHEMBL561310,COC(=O)Nc1ccc2c(c1)sc1ccc(S(=O)(=O)N[C@@H](C(=O)O)C(C)C)cc12,intermediate,2900.0
CHEMBL549970,COC(=O)Nc1ccc2c(c1)sc1ccc(S(=O)(=O)N[C@H](C(=O)O)C(C)C)cc12,intermediate,7300.0
CHEMBL561311,COC(=O)Nc1ccc2sc3cc(S(=O)(=O)N[C@@H](C(=O)O)C(C)C)ccc3c2c1,active,1.8
CHEMBL561312,COC(=O)Nc1ccc2sc3cc(S(=O)(=O)N[C@H](C(=O)O)C(C)C)ccc3c2c1,active,0.4
CHEMBL559585,COC(=O)Nc1ccc2c(c1)sc1cc(S(=O)(=O)N[C@@H](C(=O)O)C(C)C)ccc12,active,29.0
CHEMBL562373,COC(=O)Nc1ccc2c(c1)sc1cc(S(=O)(=O)N[C@H](C(=O)O)C(C)C)ccc12,active,9.0
CHEMBL550562,COC(=O)Nc1ccc2c(c1)oc1cc(S(=O)(=O)N[C@@H](C(=O)O)C(C)C)ccc12,active,11.1
CHEMBL493958,COC(=O)Nc1ccc2c(c1)oc1cc(S(=O)(=O)N[C@H](C(=O)O)C(C)C)ccc12,active,14.0
CHEMBL550702,CC(C)[C@H](NS(=O)(=O)c1ccc2c(c1)sc1cc(N)ccc12)C(=O)O,active,42.0
CHEMBL562374,CCOC(=O)Nc1ccc2c(c1)sc1cc(S(=O)(=O)N[C@@H](C(=O)O)C(C)C)ccc12,active,100.1
CHEMBL561715,CCOC(=O)Nc1ccc2c(c1)sc1cc(S(=O)(=O)N[C@H](C(=O)O)C(C)C)ccc12,active,6.3
CHEMBL559583,CC(C)OC(=O)Nc1ccc2c(c1)sc1cc(S(=O)(=O)N[C@H](C(=O)O)C(C)C)ccc12,active,23.1
CHEMBL550907,CC(C)COC(=O)Nc1ccc2c(c1)sc1cc(S(=O)(=O)N[C@H](C(=O)O)C(C)C)ccc12,active,20.2
CHEMBL552175,CC(C)[C@H](NS(=O)(=O)c1ccc2c(c1)sc1cc(NC(=O)OCCS(C)(=O)=O)ccc12)C(=O)O,active,7.6
CHEMBL563407,C#CCCOC(=O)Nc1ccc2c(c1)sc1cc(S(=O)(=O)N[C@H](C(=O)O)C(C)C)ccc12,active,6.1
CHEMBL550984,CC(C)[C@H](NS(=O)(=O)c1ccc2c(c1)sc1cc(NC(=O)Oc3ccccc3)ccc12)C(=O)O,active,25.0
CHEMBL549756,Cc1ccc(OC(=O)Nc2ccc3c(c2)sc2cc(S(=O)(=O)N[C@H](C(=O)O)C(C)C)ccc23)cc1,active,36.3
CHEMBL562114,CC(C)[C@H](NS(=O)(=O)c1ccc2c(c1)sc1cc(NC(=O)Oc3ccc(F)cc3)ccc12)C(=O)O,active,28.0
CHEMBL551110,CCNC(=O)Nc1ccc2c(c1)sc1cc(S(=O)(=O)N[C@H](C(=O)O)C(C)C)ccc12,active,260.0
CHEMBL564897,CC(C)[C@H](NS(=O)(=O)c1ccc2c(c1)sc1cc(NC(=O)NC3CCCC3)ccc12)C(=O)O,active,1000.0
CHEMBL551187,CC(C)[C@H](NS(=O)(=O)c1ccc2c(c1)sc1cc(NC(=O)NCCc3cccs3)ccc12)C(=O)O,active,187.0
CHEMBL552362,CC(C)[C@H](NS(=O)(=O)c1ccc2c(c1)oc1cc(NC(=O)NCCc3cccs3)ccc12)C(=O)O,active,18.0
CHEMBL550786,CC(C)[C@@H](NS(=O)(=O)c1ccc2c(c1)sc1cc(NC(=O)Nc3ccccc3)ccc12)C(=O)O,intermediate,1470.0
CHEMBL564510,CC(C)[C@H](NS(=O)(=O)c1ccc2c(c1)sc1cc(NC(=O)Nc3ccccc3)ccc12)C(=O)O,active,89.0
CHEMBL563343,CC(C)[C@H](NS(=O)(=O)c1ccc2c(c1)sc1cc(NC(=O)NCc3ccccc3)ccc12)C(=O)O,active,34.1
CHEMBL523035,CCOC(=O)Nc1ccc2oc3cc(S(=O)(=O)N[C@H](C(=O)O)C(C)C)ccc3c2c1,active,5.0
CHEMBL550038,CC(C)[C@H](NS(=O)(=O)c1ccc2c(c1)oc1ccc(N3CCOC3=O)cc12)C(=O)O,active,1.4
CHEMBL563177,CC(C)[C@H](NS(=O)(=O)c1ccc2c(c1)oc1cc(N3CCOC3=O)ccc12)C(=O)O,active,9.2
CHEMBL552313,CC(C)[C@H](NS(=O)(=O)c1ccc2c(c1)sc1cc(N3CCOC3=O)ccc12)C(=O)O,active,44.0
CHEMBL553918,CC(C)[C@H](NS(=O)(=O)c1ccc2c(c1)oc1cc(N)ccc12)C(=O)O,active,17.0
CHEMBL573715,COc1ccc(Oc2ccc(S(=O)(=O)c3ccccc3CC(=O)NO)cc2)cc1,active,0.2
CHEMBL572780,COc1ccc(-c2ccc(S(=O)(=O)c3ccccc3C(C)C(=O)NO)cc2)cc1,active,2.7
CHEMBL584365,COc1ccc(-c2ccc(S(=O)(=O)c3ccccc3CC(=O)NO)cc2)cc1,active,4.8
CHEMBL574370,O=C(Cc1ccccc1S(=O)(=O)c1ccc(-c2ccccc2)cc1)NO,active,6.0
CHEMBL574605,CC(C(=O)NO)c1ccccc1S(=O)(=O)c1ccc(-c2ccccc2)cc1,active,6.0
CHEMBL573714,COc1ccc(S(=O)(=O)c2ccccc2CC(=O)NO)cc1,active,32.0
CHEMBL573934,COc1ccc(-c2ccc(S(=O)(=O)c3ccccc3C(=O)NO)cc2)cc1,active,70.0
CHEMBL573936,COc1ccc(-c2ccc(S(=O)(=O)c3ccccc3CC(=O)O)cc2)cc1,active,140.0
CHEMBL584147,COc1ccc(-c2ccc(S(=O)(=O)c3ccccc3C(C)C(=O)O)cc2)cc1,active,310.0
CHEMBL579067,COc1ccc(Oc2ccc(S(=O)(=O)c3ccccc3CC(=O)O)cc2)cc1,active,380.0
CHEMBL574589,O=C(NO)c1ccccc1S(=O)(=O)c1ccc(-c2ccccc2)cc1,active,590.0
CHEMBL584122,COc1ccc(Oc2ccc(S(=O)(=O)c3ccccc3C(=O)NO)cc2)cc1,active,920.0
CHEMBL575896,O=C(NO)c1ccccc1S(=O)(=O)c1ccc(Oc2ccccc2)cc1,intermediate,1200.0
CHEMBL573935,O=C(O)Cc1ccccc1S(=O)(=O)c1ccc(-c2ccccc2)cc1,intermediate,1500.0
CHEMBL579068,CC(C(=O)O)c1ccccc1S(=O)(=O)c1ccc(-c2ccccc2)cc1,intermediate,1900.0
CHEMBL576762,C[S+]([O-])c1ccc(Oc2ccc(S(=O)(=O)c3ccccc3C(=O)NO)cc2)cc1,intermediate,5800.0
CHEMBL575895,COc1ccc(S(=O)(=O)c2ccccc2C(=O)NO)cc1,inactive,14000.0
CHEMBL585376,COc1ccc(S(=O)(=O)c2ccccc2CC(=O)O)cc1,inactive,89000.0
CHEMBL573715,COc1ccc(Oc2ccc(S(=O)(=O)c3ccccc3CC(=O)NO)cc2)cc1,active,0.89
CHEMBL573715,COc1ccc(Oc2ccc(S(=O)(=O)c3ccccc3CC(=O)NO)cc2)cc1,active,0.85
CHEMBL573936,COc1ccc(-c2ccc(S(=O)(=O)c3ccccc3CC(=O)O)cc2)cc1,active,170.0
CHEMBL573936,COc1ccc(-c2ccc(S(=O)(=O)c3ccccc3CC(=O)O)cc2)cc1,active,150.0
CHEMBL583771,COC(CCc1ccc(-c2ccccc2)cc1)CC(=O)O,intermediate,3530.0
CHEMBL574445,CC(=O)OC(CCc1ccc(-c2ccccc2)cc1)CC(=O)O,inactive,54400.0
CHEMBL572979,O=C(O)CC(=O)CCc1ccc(-c2ccccc2)cc1,intermediate,7840.0
CHEMBL572980,O=C(O)CSCCc1ccc(-c2ccccc2)cc1,inactive,11800.0
CHEMBL572947,O=C(O)C[S+]([O-])CCc1ccc(-c2ccccc2)cc1,intermediate,4500.0
CHEMBL566511,O=C(O)CS(=O)(=O)CCc1ccc(-c2ccccc2)cc1,intermediate,2490.0
CHEMBL583588,N#Cc1ccc(-c2ccc(CCC(O)CC(=O)O)cc2)cc1,active,86.0
CHEMBL584559,CC(=O)c1ccc(-c2ccc(CCC(O)CC(=O)O)cc2)cc1,active,62.0
CHEMBL575320,CSc1ccc(-c2ccc(CCC(O)CC(=O)O)cc2)cc1,active,58.0
CHEMBL575534,O=C(O)CC(O)CCc1ccc(-c2ccncc2)cc1,active,55.0
CHEMBL574444,O=C(O)CC(O)CCc1ccc(-c2cc3ccccc3o2)cc1,active,181.0
CHEMBL566512,O=C(O)CC(O)CCc1ccc(-c2ccc3c(c2)Cc2ccccc2-3)cc1,intermediate,1150.0
CHEMBL575946,O=C(O)CC(O)CCc1ccc(-c2ccc3c(c2)oc2ccccc23)cc1,inactive,20100.0
CHEMBL575947,O=C(O)CC(O)CCc1ccc(-c2ccc(Oc3ccccc3)cc2)cc1,inactive,19900.0
CHEMBL572926,O=C(O)CC(O)CCc1ccc(-c2ccc(OCc3ccccc3)cc2)cc1,intermediate,3750.0
CHEMBL572982,O=C(O)CC(O)CCc1ccc(-c2ccccc2)cc1,active,340.0
CHEMBL572982,O=C(O)CC(O)CCc1ccc(-c2ccccc2)cc1,active,790.0
CHEMBL572982,O=C(O)CC(O)CCc1ccc(-c2ccccc2)cc1,active,520.0
CHEMBL574666,N#Cc1cccc(-c2ccc(CCC(O)CC(=O)O)cc2)c1,intermediate,3390.0
CHEMBL575881,CC(C)ON([C@@H](C(=O)O)C(C)C)S(=O)(=O)c1ccc(-c2ccccc2)cc1,active,410.0
CHEMBL179288,CC(C)ON([C@@H](C(=O)NO)C(C)C)S(=O)(=O)c1ccc(-c2ccccc2)cc1,active,0.2
CHEMBL567893,COC(=O)[C@@H]1CCCN1C(=O)[C@@H](Cc1ccccc1)N(C)C(=O)[C@H](C)NC(=O)[C@@H](NC(=O)C[C@H](O)[C@H](CC(C)C)NC(=O)[C@H](CC(N)=O)NC(=O)[C@H](CC(C)C)NC(=O)[C@H](OC(=O)[C@@H](OC(=O)[C@H](C(C)C)N(C)C)C(C)C)C(C)C)[C@@H](C)O,intermediate,5000.0
CHEMBL230806,Nc1nc2ccnc(-c3cc(Br)c(Br)[nH]3)c2[nH]1,intermediate,3660.0
CHEMBL395799,Nc1nc2c(-c3ccc(Br)[nH]3)nccc2[nH]1,inactive,100000.0
CHEMBL231012,Nc1nc2c(-c3cc(Br)c[nH]3)nccc2[nH]1,inactive,100000.0
CHEMBL578176,Nc1nc2c(-c3[nH]c(Br)c(Br)c3Br)nccc2[nH]1,intermediate,1240.0
CHEMBL571072,Nc1nc2c(-c3cc(Cl)c(Cl)[nH]3)nccc2[nH]1,intermediate,5020.0
CHEMBL569132,Nc1nc2c(-c3cc(Br)c(Cl)[nH]3)nccc2[nH]1,intermediate,2020.0
CHEMBL576790,Cc1[nH]c(-c2nccc3[nH]c(N)nc23)cc1Br,inactive,100000.0
CHEMBL578412,Cc1[nH]c(-c2nccc3[nH]c(N)nc23)c(Br)c1Br,inactive,100000.0
CHEMBL571814,Nc1nc2c(-c3cc(Br)c(-c4ccccc4)[nH]3)nccc2[nH]1,inactive,100000.0
CHEMBL570917,Nc1nc2c(-c3cc(Br)c(-c4cccc(-c5ccccc5)c4)[nH]3)nccc2[nH]1,inactive,100000.0
CHEMBL569118,Nc1nc2c(-c3cc(Br)c(-c4ccc(-c5ccccc5)cc4)[nH]3)nccc2[nH]1,inactive,100000.0
CHEMBL571149,Cc1cc(-c2nccc3[nH]c(N)nc23)[nH]c1Br,inactive,100000.0
CHEMBL576710,Cc1c(Br)[nH]c(-c2nccc3[nH]c(N)nc23)c1Br,intermediate,5020.0
CHEMBL571362,Nc1nc2c(-c3cc(-c4ccccc4)c(Br)[nH]3)nccc2[nH]1,inactive,18700.0
CHEMBL579026,Nc1nc2c(-c3cc(Cc4ccccc4)c(Br)[nH]3)nccc2[nH]1,inactive,100000.0
CHEMBL572027,Nc1nc2c(-c3[nH]c(Br)c(Cc4ccccc4)c3Br)nccc2[nH]1,inactive,100000.0
CHEMBL571136,Nc1nc2c(-c3cc(CCc4ccccc4)c(Br)[nH]3)nccc2[nH]1,inactive,10200.0
CHEMBL572241,Nc1nc2c(-c3[nH]c(Br)c(CCc4ccccc4)c3Br)nccc2[nH]1,intermediate,2990.0
CHEMBL572244,Nc1nc2c(-c3[nH]c(Br)c(CCc4ccccc4C(F)(F)F)c3Br)nccc2[nH]1,inactive,100000.0
CHEMBL571601,Nc1nc2c(-c3[nH]c(Br)c(CCc4cccc(C(F)(F)F)c4)c3Br)nccc2[nH]1,inactive,100000.0
CHEMBL571388,Nc1nc2c(-c3[nH]c(Br)c(CCc4ccc(C(F)(F)F)cc4)c3Br)nccc2[nH]1,inactive,100000.0
CHEMBL583670,Nc1nc2c(-c3cc(CCCc4ccccc4)c(Br)[nH]3)nccc2[nH]1,inactive,100000.0
CHEMBL583673,Nc1nc2c(-c3[nH]c(Br)c(CCCc4ccccc4)c3Br)nccc2[nH]1,inactive,100000.0
CHEMBL582812,Nc1nc2c(-c3[nH]c(Br)c(Br)c3CCc3ccccc3)nccc2[nH]1,inactive,100000.0
CHEMBL1644423,O=C(NC[C@H]1CC[C@H](C(=O)O)CC1)c1cc(-c2ccc(OC(F)(F)F)cc2)cs1,active,400.0
CHEMBL1644424,O=C(NC[C@H]1CC[C@H](C(=O)O)CC1)c1cc(-c2ccc(OC(F)(F)F)cc2)ns1,intermediate,3600.0
CHEMBL1644425,O=C(NC[C@H]1CC[C@H](C(=O)O)CC1)c1cc(-c2ccc(OC(F)(F)F)cc2)sn1,inactive,31000.0
CHEMBL1644426,O=C(NC[C@H]1CC[C@H](C(=O)O)CC1)c1cc(-c2ccc(OC(F)(F)F)cc2)c(F)s1,active,140.0
CHEMBL1644427,O=C(O)C[C@@H](NC(=O)c1cc(-c2ccc(OC(F)(F)F)cc2)c(F)s1)c1ccccc1,active,200.0
CHEMBL1644428,NC(=O)C[C@@H](NC(=O)c1cc(-c2ccc(OC(F)(F)F)cc2)c(F)s1)c1ccccc1,active,85.0
CHEMBL1644429,CC(=O)c1ccc(-c2ccc(-c3cc(C(=O)NC[C@H]4CC[C@H](C(=O)O)CC4)sc3F)cc2)cc1,active,7.0
CHEMBL1644430,CC(=O)c1ccc(-c2ccc(-c3cc(C(=O)N[C@H](CC(=O)O)c4ccccc4)sc3F)cc2)cc1,active,24.0
CHEMBL1644431,O=C(O)C[C@@H](NC(=O)c1cc(-c2ccc(-c3ccncc3)cc2)c(F)s1)c1ccccc1,active,13.0
CHEMBL1233524,CN(C)CCN(C)[C@H]1COc2ccccc2-c2c(C3CCCCC3)c3ccc(C(=O)O)cc3n2C1,intermediate,8300.0
CHEMBL1782664,O=C(O)Cc1ccc(CNC(=O)c2cc(-c3ccc(-c4ccccc4)cc3)cs2)cc1,active,70.0
CHEMBL1782665,O=C(O)Cc1ccc(CNC(=O)c2cc(-c3ccc(-c4ccccc4O)cc3)cs2)cc1,active,90.0
CHEMBL1427458,Cc1ccc(Oc2ccc(C(=O)NCc3ccncc3)cc2)cc1,inactive,100000.0
CHEMBL1935295,CC(C)c1nc(-c2ccc3oc4cc(S(=O)(=O)N[C@H](C(=O)O)C(C)C)ccc4c3c2)no1,active,4.5
CHEMBL1935296,CC(C)[C@H](NS(=O)(=O)c1ccc2c(c1)oc1ccc(-c3noc(C(C)(C)C)n3)cc12)C(=O)O,active,17.0
CHEMBL1935297,CC(C)Cc1nc(-c2ccc3oc4cc(S(=O)(=O)N[C@H](C(=O)O)C(C)C)ccc4c3c2)no1,active,5.4
CHEMBL1935298,COCc1nc(-c2ccc3oc4cc(S(=O)(=O)N[C@H](C(=O)O)C(C)C)ccc4c3c2)no1,active,1.9
CHEMBL1935299,CC(C)[C@H](NS(=O)(=O)c1ccc2c(c1)oc1ccc(-c3noc(C(F)(F)F)n3)cc12)C(=O)O,active,2.2
CHEMBL1935300,CC(C)[C@H](NS(=O)(=O)c1ccc2c(c1)oc1ccc(-c3noc(C4CC4)n3)cc12)C(=O)O,active,1.6
CHEMBL1935301,CC(C)[C@H](NS(=O)(=O)c1ccc2c(c1)oc1ccc(-c3noc(C4CCC4)n3)cc12)C(=O)O,active,2.3
CHEMBL1935302,CC(C)[C@H](NS(=O)(=O)c1ccc2c(c1)oc1ccc(-c3noc(C4CCCCC4)n3)cc12)C(=O)O,active,7.2
CHEMBL1935303,CC(C)[C@H](NS(=O)(=O)c1ccc2c(c1)oc1ccc(-c3noc(-c4ccccc4)n3)cc12)C(=O)O,active,4.0
CHEMBL1935304,CC(C)[C@H](NS(=O)(=O)c1ccc2c(c1)oc1ccc(-c3noc(C4CCOC4)n3)cc12)C(=O)O,active,0.3
CHEMBL550038,CC(C)[C@H](NS(=O)(=O)c1ccc2c(c1)oc1ccc(N3CCOC3=O)cc12)C(=O)O,active,2.0
CHEMBL1935278,CC(C)[C@H](NS(=O)(=O)c1ccc2c(c1)oc1ccc(-n3cncn3)cc12)C(=O)O,active,13.0
CHEMBL1935279,CC(C)[C@H](NS(=O)(=O)c1ccc2c(c1)oc1ccc(-n3cccn3)cc12)C(=O)O,active,15.0
CHEMBL1935280,CC(C)[C@H](NS(=O)(=O)c1ccc2c(c1)oc1ccc(-n3ccc(C(F)(F)F)n3)cc12)C(=O)O,active,0.7
CHEMBL1935281,CC(C)[C@H](NS(=O)(=O)c1ccc2c(c1)oc1ccc(N3CCNCC3)cc12)C(=O)O,active,23.0
CHEMBL1935282,CC(C)[C@H](NS(=O)(=O)c1ccc2c(c1)oc1ccc(N3CCN(C)CC3)cc12)C(=O)O,active,18.0
CHEMBL1935283,CC(C)[C@H](NS(=O)(=O)c1ccc2c(c1)oc1ccc(N3CCOCC3)cc12)C(=O)O,active,2.2
CHEMBL1935284,CC(C)[C@H](NS(=O)(=O)c1ccc2c(c1)oc1ccc(-c3ccoc3)cc12)C(=O)O,active,0.4
CHEMBL1935285,Cc1ccc(-c2ccc3oc4cc(S(=O)(=O)N[C@H](C(=O)O)C(C)C)ccc4c3c2)o1,active,0.1
CHEMBL1935286,CC(C)[C@H](NS(=O)(=O)c1ccc2c(c1)oc1ccc(-c3ccc(Cl)o3)cc12)C(=O)O,active,0.1
CHEMBL1935287,CC(C)[C@H](NS(=O)(=O)c1ccc2c(c1)oc1ccc(-c3cccs3)cc12)C(=O)O,active,0.2
CHEMBL1935288,Cc1ccc(-c2ccc3oc4cc(S(=O)(=O)N[C@H](C(=O)O)C(C)C)ccc4c3c2)s1,active,0.2
CHEMBL1935289,CC(C)[C@H](NS(=O)(=O)c1ccc2c(c1)oc1ccc(-c3cc[nH]n3)cc12)C(=O)O,active,1.0
CHEMBL1935290,CC(C)[C@H](NS(=O)(=O)c1ccc2c(c1)oc1ccc(-c3ccc[nH]3)cc12)C(=O)O,active,0.4
CHEMBL1935291,CC(C)[C@H](NS(=O)(=O)c1ccc2c(c1)oc1ccc(-c3nccs3)cc12)C(=O)O,active,1.0
CHEMBL1935292,Cc1cnc(-c2ccc3oc4cc(S(=O)(=O)N[C@H](C(=O)O)C(C)C)ccc4c3c2)s1,active,1.2
CHEMBL1935293,Cc1nc(-c2ccc3oc4cc(S(=O)(=O)N[C@H](C(=O)O)C(C)C)ccc4c3c2)no1,active,8.6
CHEMBL1935294,CCc1nc(-c2ccc3oc4cc(S(=O)(=O)N[C@H](C(=O)O)C(C)C)ccc4c3c2)no1,active,2.9
CHEMBL1939844,COc1ccc(S(=O)(=O)N2CC(=O)N(O)C(=O)[C@H]2C(C)C)cc1,active,66.0
CHEMBL1939845,CC(C)[C@@H]1C(=O)N(O)C(=O)CN1S(=O)(=O)c1ccc(-c2ccccc2)cc1,active,19.0
CHEMBL1939846,CC(C)[C@@H]1C(=O)N(O)C(=O)CN1S(=O)(=O)c1ccc(Oc2ccccc2)cc1,active,23.0
CHEMBL1939876,CCOC(=O)c1cc2cc(-c3cc(C(=O)NCc4ccc(C(=O)O)cc4)nn3C)ccc2[nH]1,inactive,22000.0
CHEMBL1940315,O=C(NC1CCCS(=O)(=O)C1)c1ccc(Oc2ccc(C#C[C@]3(O)CN4CCC3CC4)cc2)cc1,inactive,10000.0
CHEMBL1940308,CN1CCC(NC(=O)c2ccc(Oc3ccc(C#C[C@]4(O)CN5CCC4CC5)cc3)cc2)CC1,intermediate,8000.0
CHEMBL1940296,CNC(=O)c1ccc(Oc2ccc(C#C[C@]3(O)CN4CCC3CC4)cc2)cc1,inactive,100000.0
CHEMBL1796298,O=C(NCc1ccncn1)c1ccc(Oc2ccc(C#C[C@]3(O)CN4CCC3CC4)cc2)cc1,inactive,10000.0
CHEMBL1940316,O=C(NC1CCS(=O)(=O)C1)c1ccc(Oc2ccc(C#C[C@]3(O)CN4CCC3CC4)cc2)cc1,inactive,10000.0
CHEMBL1940315,O=C(NC1CCCS(=O)(=O)C1)c1ccc(Oc2ccc(C#C[C@]3(O)CN4CCC3CC4)cc2)cc1,inactive,10000.0
CHEMBL1940315,O=C(NC1CCCS(=O)(=O)C1)c1ccc(Oc2ccc(C#C[C@]3(O)CN4CCC3CC4)cc2)cc1,inactive,10000.0
CHEMBL1940314,O=C(NC1CCS(=O)(=O)CC1)c1ccc(Oc2ccc(C#C[C@]3(O)CN4CCC3CC4)cc2)cc1,inactive,10000.0
CHEMBL1940313,O=C(NC1CCN(C2CC2)CC1)c1ccc(Oc2ccc(C#C[C@]3(O)CN4CCC3CC4)cc2)cc1,inactive,10000.0
CHEMBL1940312,CNC(=O)N1CCC(NC(=O)c2ccc(Oc3ccc(C#C[C@]4(O)CN5CCC4CC5)cc3)cc2)CC1,inactive,10000.0
CHEMBL1940311,O=C(NC1CCN(C(=O)C2CC2)CC1)c1ccc(Oc2ccc(C#C[C@]3(O)CN4CCC3CC4)cc2)cc1,inactive,10000.0
CHEMBL1940310,CC(=O)N1CCC(NC(=O)c2ccc(Oc3ccc(C#C[C@]4(O)CN5CCC4CC5)cc3)cc2)CC1,inactive,10000.0
CHEMBL1940309,CS(=O)(=O)N1CCC(NC(=O)c2ccc(Oc3ccc(C#C[C@]4(O)CN5CCC4CC5)cc3)cc2)CC1,inactive,10000.0
CHEMBL1940308,CN1CCC(NC(=O)c2ccc(Oc3ccc(C#C[C@]4(O)CN5CCC4CC5)cc3)cc2)CC1,intermediate,7943.28
CHEMBL1957604,O=C(NO)[C@@H]1C[S+]([O-])CN1S(=O)(=O)c1ccc(-c2ccccc2)cc1,intermediate,2500.0
CHEMBL1957605,O=C(NO)[C@@H]1CS(=O)(=O)CN1S(=O)(=O)c1ccc(-c2ccccc2)cc1,active,500.0
CHEMBL1957606,O=C(NO)[C@@H]1CS(=O)(=O)CN1S(=O)(=O)c1ccc(Oc2ccc(Cl)cc2)cc1,active,19.0
CHEMBL2047536,Cc1c(C(=O)O)ccc2c1CC[C@@H]2NC(=O)c1cc(C(=O)NCc2ccc3c(c2)NC(=O)CO3)nc2ccnn12,active,655.0
CHEMBL2047537,Cc1c(C(=O)O)ccc2c1CC[C@@H]2NC(=O)c1cc(C(=O)NCc2ccc(F)c(C(F)(F)F)c2)nc2c(F)cnn12,inactive,20000.0
CHEMBL241405,COC(=O)[C@@H](Cc1ccc(O)c(O)c1)OC(=O)/C=C/c1ccc(O)c(O)c1,intermediate,2750.0
CHEMBL2048502,COC(=O)C1(O)CC(OC(=O)/C=C/c2ccc(O)c(O)c2)C(O)C(OC(=O)/C=C/c2ccc(O)c(O)c2)C1,intermediate,1200.0
CHEMBL2048505,COC(=O)[C@@H](Cc1ccc(O)c(O)c1)OC(=O)/C=C/c1ccc(O)c2c1[C@H](C(=O)OC)[C@@H](c1ccc(O)c(O)c1)O2,active,670.0
CHEMBL2048506,CCCCOC(=O)[C@H]1c2c(/C=C/C(=O)O[C@H](Cc3ccc(O)c(O)c3)C(=O)O)ccc(O)c2O[C@@H]1c1ccc(O)c(O)c1,intermediate,1790.0
CHEMBL504873,C[C@@H]1O[C@@H](O[C@@H]2[C@@H](O)[C@H](OCCc3ccc(O)c(O)c3)O[C@H](COC(=O)/C=C/c3ccc(O)c(O)c3)[C@H]2O)[C@H](O)[C@H](O)[C@H]1O,intermediate,8220.0
CHEMBL50,O=c1c(O)c(-c2ccc(O)c(O)c2)oc2cc(O)cc(O)c12,inactive,10230.0
CHEMBL151,O=c1cc(-c2ccc(O)c(O)c2)oc2cc(O)cc(O)c12,active,980.0
CHEMBL2048508,O=C1c2c(O)cc(O)cc2O[C@H](c2cc(O)c(O)c(O)c2)[C@@H]1O,intermediate,1740.0
CHEMBL66,O=C1c2c(O)cc(O)cc2O[C@H](c2ccc(O)c(O)c2)[C@H]1O,intermediate,5750.0
CHEMBL2048512,CNC(=O)C(CCc1ccccc1)NC(=O)C(CC(=O)NO)CC(C)C,active,8.2
CHEMBL230806,Nc1nc2ccnc(-c3cc(Br)c(Br)[nH]3)c2[nH]1,active,0.33
CHEMBL2205661,CC(C)C[C@H](NC(=O)CNS(=O)(=O)c1ccc(-c2ccccc2)cc1)C(=O)N[C@@H](CCC(=O)O)C(=O)N[C@@H](CCC(=O)O)C(=O)N[C@@H](C)C(N)=O,inactive,48000.0
CHEMBL2205659,CC(C)C[C@H](NC(=O)[C@@H]1CCCN1C(=O)OCc1ccccc1)C(=O)N(CC(=O)O)S(=O)(=O)c1ccc(-c2ccccc2)cc1,inactive,13000.0
CHEMBL1335679,O=C(O)CNS(=O)(=O)c1ccc(-c2ccccc2)cc1,active,290.0
CHEMBL2326365,O=C(O)Cc1ccccc1S(=O)(=O)c1ccc(-c2ccc(NC(=O)CF)cc2)cc1,active,500.0
CHEMBL2326364,O=C(O)Cc1ccccc1S(=O)(=O)c1ccc(-c2ccc(F)cc2)cc1,active,400.0
CHEMBL2326363,O=C(O)Cc1ccccc1S(=O)(=O)c1ccc(-c2ccc(OCCF)cc2)cc1,active,44.0
CHEMBL2333288,COc1ccc(C[C@H](OC(=O)/C=C/c2ccc(OCc3ccccc3)c(OCc3ccccc3)c2)C(=O)O)cc1OC,intermediate,2300.0
CHEMBL2333287,COc1ccc(C[C@@H](OC(=O)/C=C/c2ccc(OCc3ccccc3)c(OCc3ccccc3)c2)C(=O)O)cc1OC,intermediate,2100.0
CHEMBL2337131,O=C(NO)C1c2ccc(Oc3ccccc3)cc2CCN1S(=O)(=O)c1cc(Cl)ccc1Cl,active,0.93
CHEMBL2409700,C[C@]1(CS(=O)(=O)N2CCC(Oc3ccc(OC(F)(F)F)cc3)CC2)NC(=O)NC1=O,active,3.3
CHEMBL2409699,CCOc1ccc(OC2CCN(S(=O)(=O)C[C@@]3(C)NC(=O)NC3=O)CC2)cc1,active,2.0
CHEMBL2409698,C[C@]1(CS(=O)(=O)N2CCC(Oc3ccc(F)cc3)CC2)NC(=O)NC1=O,active,23.7
CHEMBL2409711,C[C@]1(CS(=O)(=O)N2CCC(Oc3ccc(Cl)cc3)CC2)NC(=O)NC1=O,active,8.9
CHEMBL2409710,C[C@]1(CS(=O)(=O)N2CCC(Oc3ccc(C(F)(F)F)cc3)CC2)NC(=O)NC1=O,active,5.9
CHEMBL2437163,O=C(COc1ccc(Cl)cc1)NNC(=S)NCCCCC1CCCCC1,inactive,100000.0
CHEMBL2435340,O=C(NCc1ccc(-c2ccccc2)cc1)c1cccc(=O)n1O,active,18.0
CHEMBL409536,O=C(OCc1ccccc1)c1cn2c(=O)n(Cc3ccccc3)c(=O)cc2s1,inactive,30000.0
CHEMBL496942,Cn1c(=O)n(Cc2ccc(C(=O)O)cc2)c(=O)c2cc(C#CCc3ccccc3)ccc21,inactive,30000.0
CHEMBL460899,NC(=O)CC1CCCc2sc3nc(C(=O)NCc4ccc5c(c4)NC(=O)CO5)[nH]c(=O)c3c21,intermediate,2500.0
CHEMBL3355723,CC(C)C[C@H](CC(=O)NO)C(=O)N[C@@H](Cc1ccccc1)C(=O)N[C@@H](CCCCNC(=O)c1ccc(F)cc1)C(N)=O,active,138.0
CHEMBL3355722,CC(C)C[C@H](CC(=O)NO)C(=O)N[C@@H](Cc1ccccc1)C(=O)N[C@@H](CCCCN)C(N)=O,active,2.0
CHEMBL230806,Nc1nc2ccnc(-c3cc(Br)c(Br)[nH]3)c2[nH]1,intermediate,3660.0
CHEMBL3394285,O=C(/C=C/c1ccc(C(F)(F)F)cc1)NO,inactive,100000.0
CHEMBL279785,CNC(=O)[C@@H](NC(=O)[C@H](CC(C)C)[C@H](O)C(=O)NO)C(C)(C)C,inactive,10000.0
CHEMBL3827306,CCCNC(=O)CC[C@H](NS(=O)(=O)c1ccc(-c2ccccc2)cc1)C(=O)O,active,177.6
CHEMBL3827250,CCCCNC(=O)CC[C@H](NS(=O)(=O)c1ccc(-c2ccccc2)cc1)C(=O)O,active,71.02
CHEMBL3827640,CC(C)CNC(=O)CC[C@H](NS(=O)(=O)c1ccc(-c2ccccc2)cc1)C(=O)O,active,246.6
CHEMBL3827162,CCCCCNC(=O)CC[C@H](NS(=O)(=O)c1ccc(-c2ccccc2)cc1)C(=O)O,active,52.3
CHEMBL3827453,CCCCCCNC(=O)CC[C@H](NS(=O)(=O)c1ccc(-c2ccccc2)cc1)C(=O)O,active,96.1
CHEMBL3827615,O=C(CC[C@H](NS(=O)(=O)c1ccc(-c2ccccc2)cc1)C(=O)O)NC1CCCCC1,active,73.2
CHEMBL3827735,O=C(CC[C@H](NS(=O)(=O)c1ccc(-c2ccccc2)cc1)C(=O)O)Nc1ccccc1,active,295.8
CHEMBL3827073,O=C(CC[C@H](NS(=O)(=O)c1ccc(-c2ccccc2)cc1)C(=O)O)NCc1ccccc1,active,53.2
CHEMBL3828051,O=C(CC[C@H](NS(=O)(=O)c1ccc(-c2ccccc2)cc1)C(=O)O)NCCc1ccccc1,active,296.6
CHEMBL3827680,O=C(CC[C@H](NS(=O)(=O)c1ccc(-c2ccccc2)cc1)C(=O)O)NCc1cc(C(F)(F)F)cc(C(F)(F)F)c1,active,462.0
CHEMBL3827243,O=C(CC[C@H](NS(=O)(=O)c1ccc(-c2ccccc2)cc1)C(=O)O)NCc1ccccc1Cl,active,63.0
CHEMBL3828226,O=C(CC[C@H](NS(=O)(=O)c1ccc(-c2ccccc2)cc1)C(=O)O)NCc1ccc(F)cc1,active,84.0
CHEMBL3958969,O=C(NCc1cccc(OCCCS(=O)(=O)N2CCCCC2C(=O)NO)c1)c1nc2ccccc2c(=O)[nH]1,active,1.8
CHEMBL3889936,CC(C)C(CS(=O)(=O)c1ccc(-c2cccc(CNC(=O)c3nc4ccccc4c(=O)[nH]3)c2)cc1)N(O)C=O,active,8.5
CHEMBL3932562,CC(C)[C@H](NS(=O)(=O)c1ccc(-c2cccc(CNC(=O)c3nc4ccccc4c(=O)[nH]3)c2)cc1)C(=O)NO,active,8.1
CHEMBL3971135,CC(C)[C@H](NS(=O)(=O)c1ccc(-c2cccc(CNC(=O)c3nc4ccccc4c(=O)[nH]3)c2)cc1)C(=O)O,active,16.0
CHEMBL3955430,O=C(NCc1cccc(N2CCN(C(=O)Cc3n[nH]c(=O)[nH]3)CC2)c1)c1nc2ccccc2c(=O)[nH]1,active,260.0
CHEMBL3960062,O=C(NCc1cccc(OCCCS(=O)(=O)N2CCCCC2C(=O)O)c1)c1nc2ccccc2c(=O)[nH]1,active,300.0
CHEMBL3926071,CCOCCC1(Oc2ccc(-c3cccc(CNC(=O)c4nc5ccccc5c(=O)[nH]4)c3)cc2)C(=O)NC(=O)NC1=O,active,540.0
CHEMBL3978380,O=C(NCc1cccc(-c2ccc(CS(=O)(=O)Cc3n[nH]c(=O)[nH]3)cc2)c1)c1nc2ccccc2c(=O)[nH]1,intermediate,9500.0
CHEMBL4066965,C[C@H](Cc1ccc(C(F)(F)F)cc1)C(=O)NC[C@@]1(C2CC2)NC(=O)NC1=O,active,9.0
CHEMBL4072836,CC[C@H](Cc1ccc(C(F)(F)F)cc1)C(=O)NC[C@@]1(C2CC2)NC(=O)NC1=O,active,26.0
CHEMBL3980860,O=C1NC(=O)[C@](CNC(=O)[C@@H](Cc2ccc(C(F)(F)F)cc2)C2CC2)(C2CC2)N1,active,268.0
CHEMBL3955404,CC(C)[C@H](Cc1ccc(C(F)(F)F)cc1)C(=O)NC[C@@]1(C2CC2)NC(=O)NC1=O,intermediate,3365.0
CHEMBL3972836,CC(C)(Cc1ccc(C(F)(F)F)cc1)C(=O)NC[C@@]1(C2CC2)NC(=O)NC1=O,active,71.0
CHEMBL4102106,Cc1cc(COc2ccc(S(=O)(=O)N3CCN(C(=O)C(C)(C)C)C(C(=O)NO)C3)cc2)c2c(n1)CCCC2,active,930.0
CHEMBL4097165,O=C1NC(=O)[C@](CNC(=O)c2cc3cc(C(F)(F)F)ccc3o2)(C2CC2)N1,active,9.0
CHEMBL3358151,C[C@]1(CNC(=O)COc2ccc(Cl)cc2)NC(=O)NC1=O,active,70.0
CHEMBL4102193,O=C(CCc1ccc(C(F)(F)F)cc1)NC[C@@]1(C2CC2)NC(=O)NC1=O,active,5.0
CHEMBL4066965,C[C@H](Cc1ccc(C(F)(F)F)cc1)C(=O)NC[C@@]1(C2CC2)NC(=O)NC1=O,active,9.0
CHEMBL4094455,C[C@@H](Cc1ccc(C(F)(F)F)cc1)C(=O)NC[C@@]1(C2CC2)NC(=O)NC1=O,active,7.0
CHEMBL3972836,CC(C)(Cc1ccc(C(F)(F)F)cc1)C(=O)NC[C@@]1(C2CC2)NC(=O)NC1=O,active,71.0
CHEMBL4072836,CC[C@H](Cc1ccc(C(F)(F)F)cc1)C(=O)NC[C@@]1(C2CC2)NC(=O)NC1=O,active,26.0
CHEMBL3955404,CC(C)[C@H](Cc1ccc(C(F)(F)F)cc1)C(=O)NC[C@@]1(C2CC2)NC(=O)NC1=O,intermediate,3400.0
CHEMBL3980860,O=C1NC(=O)[C@](CNC(=O)[C@@H](Cc2ccc(C(F)(F)F)cc2)C2CC2)(C2CC2)N1,active,270.0
CHEMBL187092,C[C@@]1(O)CCCN(S(=O)(=O)c2ccc(OCc3ccc(F)cc3Cl)cc2)[C@H]1C(=O)NO,active,1.0
CHEMBL4081997,NCCNS(=O)(=O)c1ccc(-c2ccc(CSc3nc4c(c(=O)[nH]3)CCC4)cc2)cc1,active,467.0
CHEMBL4080520,CNC(=O)[C@@H](NC(=O)c1ccc(-c2ccc(CSc3nc4c(c(=O)[nH]3)CCC4)c(F)c2)o1)C(C)C,intermediate,1800.0
CHEMBL4160618,NC(=O)CC[C@H](NS(=O)(=O)c1ccc([N+](=O)[O-])cc1)C(=O)O,inactive,100100.0
CHEMBL4171886,CNC(=O)CC[C@H](NS(=O)(=O)c1ccc([N+](=O)[O-])cc1)C(=O)O,inactive,500000.0
CHEMBL4164016,CCNC(=O)CC[C@H](NS(=O)(=O)c1ccc([N+](=O)[O-])cc1)C(=O)O,inactive,109100.0
CHEMBL4170455,CC(C)NC(=O)CC[C@H](NS(=O)(=O)c1ccc([N+](=O)[O-])cc1)C(=O)O,inactive,493200.0
CHEMBL4162521,CCCCNC(=O)CC[C@H](NS(=O)(=O)c1ccc([N+](=O)[O-])cc1)C(=O)O,inactive,198300.0
CHEMBL4167291,CC(C)CNC(=O)CC[C@H](NS(=O)(=O)c1ccc([N+](=O)[O-])cc1)C(=O)O,inactive,500000.0
CHEMBL4175156,CCCCCNC(=O)CC[C@H](NS(=O)(=O)c1ccc([N+](=O)[O-])cc1)C(=O)O,inactive,493250.0
CHEMBL4163839,O=C(CC[C@H](NS(=O)(=O)c1ccc([N+](=O)[O-])cc1)C(=O)O)NCc1ccccc1,inactive,95200.0
CHEMBL19611,CNC(=O)[C@H](Cc1c[nH]c2ccccc12)NC(=O)[C@@H](CC(=O)NO)CC(C)C,active,5.2
CHEMBL4169775,CC(=O)N[C@@H](COCc1ccccc1)C(=O)N[C@H](CCc1ccccc1)C(=O)N[C@H](Cc1ccccc1)C(=O)NO,active,54.7
CHEMBL4080520,CNC(=O)[C@@H](NC(=O)c1ccc(-c2ccc(CSc3nc4c(c(=O)[nH]3)CCC4)c(F)c2)o1)C(C)C,intermediate,1800.0
CHEMBL4207732,CC(C)[C@H](NS(=O)(=O)c1ccc2c(c1)oc1ccc(NC(=O)Oc3ccc(Br)cc3)cc12)C(=O)O,active,11.0
CHEMBL492531,CC(C)[C@H](NS(=O)(=O)c1ccc2c(c1)oc1ccc(NC(=O)Oc3ccc(F)cc3)cc12)C(=O)O,active,6.2
CHEMBL4218681,CC(C)[C@H](NS(=O)(=O)c1ccc2c(c1)oc1ccc(NS(=O)(=O)c3ccc(I)cc3)cc12)C(=O)O,active,297.0
CHEMBL4214104,CC(C)[C@H](NS(=O)(=O)c1ccc2c(c1)oc1ccc(NC(=O)c3ccc(I)cc3)cc12)C(=O)O,active,502.0
CHEMBL4217377,CC(C)[C@H](NS(=O)(=O)c1ccc2c(c1)oc1ccc(NC(=O)Oc3ccc(I)cc3)cc12)C(=O)O,active,8.5
CHEMBL4215407,Cc1cc(COc2ccc(S(=O)(=O)N(C)C3(C(=O)NO)CN(C(=O)C(C)C)C3)cc2)c2ccccc2n1,active,13.0
CHEMBL4208519,Cc1cc(COc2ccc(S(=O)(=O)N(C)C3(C(=O)NO)CN(C(=O)CC(C)C)C3)cc2)c2ccccc2n1,active,6.0
CHEMBL4210206,COc1ccc(-c2ccc(Sc3ccccc3CC(=O)NO)cc2)cc1,active,4.0
CHEMBL584365,COc1ccc(-c2ccc(S(=O)(=O)c3ccccc3CC(=O)NO)cc2)cc1,active,4.8
CHEMBL4214269,COc1ccc(-c2ccc(Sc3ccccc3CC(=O)O)cc2)cc1,active,40.0
CHEMBL573936,COc1ccc(-c2ccc(S(=O)(=O)c3ccccc3CC(=O)O)cc2)cc1,active,140.0
CHEMBL4209100,COc1ccc(-c2ccc(Sc3ccccc3C(CCC(=O)O)C(=O)O)cc2)cc1,active,26.0
CHEMBL4213983,COc1ccc(-c2ccc(S(=O)(=O)c3ccccc3C(CCC(=O)O)C(=O)O)cc2)cc1,active,510.0
CHEMBL4203044,COc1ccc(-c2ccc(Sc3ccccc3C3CCC(=O)N(O)C3=O)cc2)cc1,active,33.0
CHEMBL4214626,COc1ccc(-c2ccc(S(=O)(=O)c3ccccc3C3CCC(=O)N(O)C3=O)cc2)cc1,active,40.0
CHEMBL4206329,COc1ccc(-c2ccc(Sc3ccccc3CP(=O)(O)O)cc2)cc1,active,250.0
CHEMBL4218036,COc1ccc(-c2ccc(S(=O)(=O)c3ccccc3CP(=O)(O)O)cc2)cc1,active,600.0
CHEMBL4207046,COc1ccc(-c2ccc(Sc3ccccc3CC(=O)NS(C)(=O)=O)cc2)cc1,intermediate,3300.0
CHEMBL4213651,COc1ccc(-c2ccc(S(=O)(=O)c3ccccc3CC(=O)NS(C)(=O)=O)cc2)cc1,intermediate,3500.0
CHEMBL4212208,COc1ccc(-c2ccc(Sc3ccccc3CC(=O)NS(=O)(=O)C(F)(F)F)cc2)cc1,intermediate,2100.0
CHEMBL4216008,COc1ccc(-c2ccc(S(=O)(=O)c3ccccc3CC(=O)NS(=O)(=O)C(F)(F)F)cc2)cc1,intermediate,7500.0
CHEMBL4202548,COc1ccc(-c2ccc(Sc3ccccc3C(=O)CS(C)(=O)=O)cc2)cc1,inactive,230000.0
CHEMBL4206259,COc1ccc(-c2ccc(S(=O)(=O)c3ccccc3C(=O)CS(C)(=O)=O)cc2)cc1,inactive,10000.0
CHEMBL4218334,CCCCC[C@H](CN(O)C=O)C(=O)NCNC(=O)c1cc2cccc(OC)c2o1,active,400.0
CHEMBL4211285,CCC[C@H](CN(O)C=O)C(=O)NCNC(=O)c1cc2cccc(OC)c2o1,intermediate,1250.0
CHEMBL4215581,COc1cccc2cc(C(=O)NCNC(=O)CCN(O)C=O)oc12,inactive,10000.0
CHEMBL4218229,COc1cccc2cc(C(=O)NCNC(=O)[C@H](Cc3ccccc3)CN(O)C=O)oc12,intermediate,4000.0
CHEMBL4205331,CCCCC[C@@H](CN(O)C=O)C(=O)NCNC(=O)c1cc2cccc(OC)c2o1,inactive,10000.0
CHEMBL4211663,CCCCC[C@@H](C(=O)NCNC(=O)c1cc2cccc(OC)c2o1)[C@H](CC)N(O)C=O,active,200.0
CHEMBL4206785,CCCCC[C@@H](C(=O)NCNC(=O)c1cc2cccc(OC)c2o1)[C@@H](CC)N(O)C=O,inactive,10000.0
CHEMBL4207308,CCCCC[C@@H](C(=O)NCNC(=O)c1ccc(-c2ccccc2)o1)[C@@H](CC)N(O)C=O,inactive,10000.0
CHEMBL4291062,CC(=O)N[C@@H]1[C@@H](OC(C)=O)[C@H](OC(C)=O)[C@@H](COC(C)=O)O[C@H]1NC(=S)NCCN([C@@H](C(=O)O)C(C)C)S(=O)(=O)c1ccc(-c2ccccc2)cc1,active,18.0
CHEMBL4285838,CC(=O)N[C@@H]1[C@@H](O)[C@H](O)[C@@H](CO)O[C@H]1NC(=S)NCCN([C@@H](C(=O)O)C(C)C)S(=O)(=O)c1ccc(-c2ccccc2)cc1,active,40.0
CHEMBL4277909,CC(=O)N[C@@H]1[C@@H](OC(C)=O)[C@H](OC(C)=O)[C@@H](COC(C)=O)O[C@H]1N([C@@H](C(=O)O)C(C)C)S(=O)(=O)c1ccc(-c2ccccc2)cc1,inactive,40000.0
CHEMBL4282436,CC(=O)OC[C@H]1O[C@@H](N([C@@H](C(=O)O)C(C)C)S(=O)(=O)c2ccc(-c3ccccc3)cc2)[C@H](OC(C)=O)[C@@H](OC(C)=O)[C@@H]1OC(C)=O,intermediate,9600.0
CHEMBL4293047,CC(=O)N[C@@H]1[C@@H](O)[C@H](O)[C@@H](CO)O[C@H]1N([C@@H](C(=O)O)C(C)C)S(=O)(=O)c1ccc(-c2ccccc2)cc1,intermediate,9200.0
CHEMBL4278980,CC(C)[C@H](C(=O)O)N([C@@H]1O[C@H](CO)[C@@H](O)[C@H](O)[C@H]1O)S(=O)(=O)c1ccc(-c2ccccc2)cc1,intermediate,1300.0
CHEMBL4289657,CO[C@@H]1O[C@H](CN([C@@H](C(=O)O)C(C)C)S(=O)(=O)c2ccc(-c3ccccc3)cc2)[C@@H](OC(C)=O)[C@H](OC(C)=O)[C@H]1NC(C)=O,active,83.0
CHEMBL4294130,CO[C@@H]1O[C@H](CN([C@@H](C(=O)O)C(C)C)S(=O)(=O)c2ccc(-c3ccccc3)cc2)[C@@H](OC(C)=O)[C@H](OC(C)=O)[C@H]1OC(C)=O,active,84.0
CHEMBL4286237,CO[C@@H]1O[C@H](CN([C@@H](C(=O)O)C(C)C)S(=O)(=O)c2ccc(-c3ccccc3)cc2)[C@@H](O)[C@H](O)[C@H]1NC(C)=O,active,41.0
CHEMBL4290729,CO[C@@H]1O[C@H](CN([C@@H](C(=O)O)C(C)C)S(=O)(=O)c2ccc(-c3ccccc3)cc2)[C@@H](O)[C@H](O)[C@H]1O,active,51.0
CHEMBL4282849,CC(=O)OC[C@H]1O[C@@H](NC(=S)NCCN([C@@H](C(=O)O)C(C)C)S(=O)(=O)c2ccc(-c3ccccc3)cc2)[C@H](OC(C)=O)[C@@H](OC(C)=O)[C@@H]1OC(C)=O,active,19.0
CHEMBL4283171,CC(C)[C@H](C(=O)O)N(CCNC(=S)N[C@@H]1O[C@H](CO)[C@@H](O)[C@H](O)[C@H]1O)S(=O)(=O)c1ccc(-c2ccccc2)cc1,active,98.0
CHEMBL4291027,CO[C@@H]1O[C@H](CNC(=S)NCCN([C@@H](C(=O)O)C(C)C)S(=O)(=O)c2ccc(-c3ccccc3)cc2)[C@@H](OC(C)=O)[C@H](OC(C)=O)[C@H]1OC(C)=O,active,20.0
CHEMBL4279699,CO[C@@H]1O[C@H](CNC(=S)NCCN([C@@H](C(=O)O)C(C)C)S(=O)(=O)c2ccc(-c3ccccc3)cc2)[C@@H](O)[C@H](O)[C@H]1O,active,65.0
CHEMBL199666,CCCCCCC(CC(=O)O)C(=O)c1ccc(C#Cc2ccc(Cl)cc2)cc1,active,200.0
CHEMBL573715,COc1ccc(Oc2ccc(S(=O)(=O)c3ccccc3CC(=O)NO)cc2)cc1,active,200.0
CHEMBL4761188,NC(=O)[C@H](CCC(=O)O)NC(=O)c1ccc(-c2cc(-c3ccccc3)cs2)cc1,active,2.5
CHEMBL4169775,CC(=O)N[C@@H](COCc1ccccc1)C(=O)N[C@H](CCc1ccccc1)C(=O)N[C@H](Cc1ccccc1)C(=O)NO,active,26.52
CHEMBL4787278,CC(=O)N[C@@H](CCCc1ccccc1)C(=O)N[C@H](CCc1ccccc1)C(=O)N[C@H](Cc1ccccc1)C(=O)NO,active,19.5
CHEMBL4780646,CC(=O)N[C@@H](Cc1c[nH]c2ccccc12)C(=O)N[C@H](CCc1ccccc1)C(=O)N[C@H](Cc1ccccc1)C(=O)NO,active,34.9
CHEMBL4788689,CC(=O)N[C@@H](Cc1ccc2ccccc2c1)C(=O)N[C@H](CCc1ccccc1)C(=O)N[C@H](Cc1ccccc1)C(=O)NO,active,138.2
CHEMBL4785870,COc1ccc(CCC[C@H](NC(C)=O)C(=O)N[C@H](CCc2ccccc2)C(=O)N[C@H](Cc2ccccc2)C(=O)NO)cc1,active,20.5
CHEMBL4748728,CC(=O)N[C@@H](COCc1ccccc1)C(=O)N[C@H](CCc1ccc(C(F)(F)F)cc1)C(=O)N[C@H](Cc1ccccc1)C(=O)NO,active,16.7
CHEMBL4741966,COc1ccc(CC[C@@H](NC(=O)[C@H](COCc2ccccc2)NC(C)=O)C(=O)N[C@H](Cc2ccccc2)C(=O)NO)cc1,active,16.3
CHEMBL4784390,CC(=O)N[C@@H](COCc1ccccc1)C(=O)N[C@H](CCc1ccccc1)C(=O)N[C@H](Cc1ccc(O)cc1)C(=O)NO,active,42.1
CHEMBL4745509,CC(=O)N[C@@H](COCc1ccccc1)C(=O)N[C@H](CCc1ccccc1)C(=O)N[C@H](Cc1ccc(F)cc1)C(=O)NO,active,42.0
CHEMBL4759199,CC(=O)N[C@@H](COCc1ccccc1)C(=O)N[C@H](CCc1ccccc1)C(=O)N[C@H](Cc1ccc(C(F)(F)F)cc1)C(=O)NO,active,57.1
CHEMBL4757848,CC(=O)N[C@@H](COCc1ccccc1)C(=O)N[C@H](CCc1ccccc1)C(=O)N[C@H](Cc1ccc(OC(C)=O)cc1)C(=O)NO,active,36.1
CHEMBL4742155,CC(=O)N[C@@H](COCc1ccccc1)C(=O)N[C@H](CCc1ccccc1)C(=O)N[C@H](Cc1ccc(Cl)cc1)C(=O)NO,active,35.1
CHEMBL4758924,CC(=O)N[C@@H](COCc1ccccc1)C(=O)N[C@H](CCc1ccccc1)C(=O)N[C@H](Cc1ccc(C)cc1)C(=O)NO,active,20.9
CHEMBL4764208,CC(=O)N[C@@H](COCc1ccccc1)C(=O)N[C@H](CCc1ccccc1)C(=O)N[C@H](Cc1cccc(F)c1)C(=O)NO,active,30.2
CHEMBL4763004,CC(=O)N[C@@H](COCc1ccccc1)C(=O)N[C@H](CCc1ccccc1)C(=O)N[C@H](Cc1cccc(Cl)c1)C(=O)NO,active,47.2
CHEMBL4745673,CC(=O)N[C@@H](COCc1ccccc1)C(=O)N[C@H](CCc1ccccc1)C(=O)N[C@H](Cc1cccc(C)c1)C(=O)NO,active,35.5
CHEMBL4741404,CC(=O)N[C@@H](COCc1ccccc1)C(=O)N[C@H](CCc1ccccc1)C(=O)N[C@H](Cc1ccccc1F)C(=O)NO,active,27.8
CHEMBL4765190,CC(=O)N[C@@H](COCc1ccccc1)C(=O)N[C@H](CCc1ccccc1)C(=O)N[C@H](Cc1ccc(F)c(F)c1F)C(=O)NO,active,75.9
CHEMBL4755394,COc1ccc(CC[C@@H](NC(=O)[C@H](CCCc2ccccc2)NC(=O)CN2CCOCC2)C(=O)N[C@H](Cc2ccc(C)cc2)C(=O)NO)cc1,active,4.5
CHEMBL4787709,COc1ccc(CCC[C@H](NC(=O)CN2CCOCC2)C(=O)N[C@H](CCc2ccc(OC)cc2)C(=O)N[C@H](Cc2ccc(C)cc2)C(=O)NO)cc1,active,4.4
CHEMBL19611,CNC(=O)[C@H](Cc1c[nH]c2ccccc12)NC(=O)[C@@H](CC(=O)NO)CC(C)C,active,2.4
CHEMBL4764498,COC(=O)Nc1ccc2oc3cc(S(=O)(=O)N[C@@H](C(=O)O)C(C)C)ccc3c2c1,active,18.9
CHEMBL4868277,CCCCCCCCCCCC(=O)N[C@@H](CS)C(=O)NCC(=O)N[C@@H](CCCNC(=N)N)C(=O)N[C@@H](CCCCN)C(=O)O,inactive,10000.0
CHEMBL4862916,CC(=O)N[C@@H](CCCNC(=N)N)C(=O)N[C@@H](CS)C(=O)NCC(=O)N[C@H](C(N)=O)C(C)C,inactive,10000.0
CHEMBL4869361,[2H]C([2H])(NC(=O)c1cc(C(=O)NCc2ccc(F)c(C)c2)ncn1)c1ccc(C(=O)O)cc1,inactive,100000.0
CHEMBL4854306,Cc1ccc(Cl)cc1N1CCN(C(=O)CCC2(C3CC3)NC(=O)NC2=O)CC1,intermediate,6776.0
CHEMBL4873384,O=C1NC(=O)[C@@H](CCC(=O)N2CCN(c3cc(Cl)cc(Cl)c3)CC2)N1,intermediate,6080.0
CHEMBL4585243,O=C(O)[C@H]1[C@H](Cn2nnc3ccccc3c2=O)CC[C@@H]1C(=O)c1ccc(OCCC2CCOCC2)cc1,active,0.085
CHEMBL4539943,O=C(O)[C@@H]1[C@@H](Cn2nnc3ccccc3c2=O)CC[C@H]1C(=O)c1ccc(OCCC2CCOCC2)cc1,active,80.0
CHEMBL1939876,CCOC(=O)c1cc2cc(-c3cc(C(=O)NCc4ccc(C(=O)O)cc4)nn3C)ccc2[nH]1,inactive,22000.0
CHEMBL5192674,CC(C)C[C@H](NC(=O)CNC(=O)CC[C@H](NS(=O)(=O)c1ccc(Cl)c(C(F)(F)F)c1)C(=O)O)C(=O)N[C@H](C(N)=O)C(C)C,inactive,28000.0
CHEMBL5202455,CSCC[C@H](NC(=O)[C@H](CC(C)C)NC(=O)CNC(=O)CC[C@H](NS(=O)(=O)c1ccc(Cl)c(C(F)(F)F)c1)C(=O)O)C(N)=O,inactive,20000.0
CHEMBL5204457,CC(C)C[C@H](NC(=O)CNC(=O)CC[C@H](NS(=O)(=O)c1ccc(Cl)c(C(F)(F)F)c1)C(=O)O)C(=O)N[C@H](C(=O)N1CCC[C@H]1CC(N)=O)C(C)C,intermediate,2900.0
CHEMBL5188110,CSCC[C@H](NC(=O)[C@H](CC(C)C)NC(=O)[C@H](C)NC(=O)CC[C@H](NS(=O)(=O)c1ccc(Cl)c(C(F)(F)F)c1)C(=O)O)C(N)=O,inactive,40000.0
CHEMBL5183142,CC(C)C[C@H](NC(=O)CNC(=O)CC[C@H](NS(=O)(=O)c1ccc(Cl)c(C(F)(F)F)c1)C(=O)O)C(=O)N[C@H](C(=O)N[C@@H](C)C(N)=O)C(C)C,inactive,12000.0
CHEMBL5186294,O=C(O)[C@H](CCc1ccccc1)NS(=O)(=O)c1ccc(Cl)c(C(F)(F)F)c1,inactive,100000.0
CHEMBL279785,CNC(=O)[C@@H](NC(=O)[C@H](CC(C)C)[C@H](O)C(=O)NO)C(C)(C)C,active,5.0
CHEMBL85030,COc1ccc(S(=O)(=O)N(Cc2ccccc2)[C@@H](C(=O)NO)C(C)C)cc1,active,7.7
CHEMBL5176328,CN(C)c1ccc(-c2cn(-c3ccc(S(=O)(=O)C4(C(=O)NO)CCOCC4)cc3)nn2)cc1,active,4.8
CHEMBL5198463,O=C(NO)C1(S(=O)(=O)c2ccc(-n3cc(-c4ccc(-c5ccccc5)cc4)nn3)cc2)CCOCC1,active,3.2
CHEMBL5199189,COc1ccc(-c2cn(-c3ccc(S(=O)(=O)C4(C(=O)NO)CCOCC4)cc3)nn2)cc1,active,1.2
CHEMBL5182668,O=C(NO)C(Cc1ccccc1)NS(=O)(=O)c1ccc(-c2cn(-c3ccc(-c4ccccc4)cc3)nn2)cc1,active,3.8
CHEMBL5196672,NC1CCCCC1NC(=O)P(=O)(O)O,active,100.0
CHEMBL2170080,O=C(NCCCCCNS(=O)(=O)c1ccc(Oc2ccccc2)cc1)P(=O)(O)O,active,80.0
CHEMBL2172744,O=C(NCCCCCCNS(=O)(=O)c1ccc(Oc2ccccc2)cc1)P(=O)(O)O,active,100.0
CHEMBL424130,O=C(NO)C1c2ccc(O)cc2CCN1S(=O)(=O)c1cc(Cl)ccc1Cl,active,170.0
CHEMBL5193127,CC(C)CC(C(=O)NC(c1noc(Sc2ccccc2)n1)C(C)(C)C)C(O)C(=O)NO,active,20.0
CHEMBL489603,Cc1cc(=O)c(O)c(C(=O)NCc2ccc(-c3ccc(-c4ccccc4)cc3)cc2)o1,active,177.0
CHEMBL5190913,CSCC[C@H](NC(=O)[C@H](CC(C)C)NC(=O)[C@H](C)NC(=O)[C@H](CC(=O)O)NC(=O)[C@H](CC(N)=O)NC(=O)CNS(=O)(=O)c1ccc(-c2ccccc2)cc1)C(=O)N1CCC[C@H]1C(N)=O,intermediate,4175.0
CHEMBL5209314,CSCC[C@H](NC(=O)[C@H](CC(C)C)NC(=O)[C@H](C)NC(=O)[C@H](CC(=O)O)NC(=O)[C@H](CC(N)=O)NC(=O)CCNS(=O)(=O)c1ccc(-c2ccccc2)cc1)C(=O)N1CCC[C@H]1C(N)=O,active,114.0
CHEMBL5185388,CSCC[C@H](NC(=O)[C@H](CC(C)C)NC(=O)[C@H](C)NC(=O)[C@H](CC(=O)O)NC(=O)[C@H](CC(N)=O)NC(=O)CCCNS(=O)(=O)c1ccc(-c2ccccc2)cc1)C(=O)N1CCC[C@H]1C(N)=O,active,46.0
CHEMBL5185823,CSCC[C@H](NC(=O)[C@H](CC(C)C)NC(=O)[C@H](C)NC(=O)[C@H](CC(=O)O)NC(=O)[C@H](CC(N)=O)NC(=O)CCCCNS(=O)(=O)c1ccc(-c2ccccc2)cc1)C(=O)N1CCC[C@H]1C(N)=O,active,34.0
CHEMBL19611,CNC(=O)[C@H](Cc1c[nH]c2ccccc12)NC(=O)[C@@H](CC(=O)NO)CC(C)C,active,0.46
CHEMBL5206640,CC[C@H](C)[C@H](N)C(=O)N[C@@H](CO)C(=O)N[C@@H](Cc1ccc(O)cc1)C(=O)NCC(=O)N[C@@H](CC(N)=O)C(=O)N[C@@H](CC(=O)O)C(=O)N[C@@H](C)C(=O)NCC(=O)N[C@@H](CCSC)C(=O)N1CCC[C@H]1C(=O)O,intermediate,4416.0
CHEMBL5170510,CSCC[C@H](NC(=O)[C@H](CC(C)C)NC(=O)[C@H](C)NC(=O)[C@H](CC(=O)O)NC(=O)[C@H](CC(N)=O)NC(=O)CNS(=O)(=O)c1ccc(Oc2ccccc2)cc1)C(=O)N1CCC[C@H]1C(N)=O,active,916.0
CHEMBL5202634,CSCC[C@H](NC(=O)[C@H](CC(C)C)NC(=O)[C@H](C)NC(=O)[C@H](CC(=O)O)NC(=O)[C@H](CC(N)=O)NC(=O)CCNS(=O)(=O)c1ccc(Oc2ccccc2)cc1)C(=O)N1CCC[C@H]1C(N)=O,active,25.0
CHEMBL5186594,CSCC[C@H](NC(=O)[C@H](CC(C)C)NC(=O)[C@H](C)NC(=O)[C@H](CC(=O)O)NC(=O)[C@H](CC(N)=O)NC(=O)CCCNS(=O)(=O)c1ccc(Oc2ccccc2)cc1)C(=O)N1CCC[C@H]1C(N)=O,active,12.0
CHEMBL5170274,CSCC[C@H](NC(=O)[C@H](CC(C)C)NC(=O)[C@H](C)NC(=O)[C@H](CC(=O)O)NC(=O)[C@H](CC(N)=O)NC(=O)CCCCS(=O)(=O)c1ccc(Oc2ccccc2)cc1)C(=O)N1CCC[C@H]1C(N)=O,active,6.1
CHEMBL5180149,CSCC[C@@H](C(=O)N1CCC[C@H]1C(N)=O)N(C)C(=O)[C@H](CC(C)C)NC(=O)[C@H](C)NC(=O)[C@H](CC(=O)O)NC(=O)[C@H](CC(N)=O)NC(=O)CCCNS(=O)(=O)c1ccc(Oc2ccccc2)cc1,active,7.3
CHEMBL5191373,CC(C)C[C@H](NC(=O)[C@H](C)NC(=O)[C@H](CC(=O)O)NC(=O)[C@H](CC(N)=O)NC(=O)CCCNS(=O)(=O)c1ccc(Oc2ccccc2)cc1)C(=O)N(C)[C@@H](CC(C)C)C(=O)N1CCC[C@H]1C(N)=O,active,4.1
CHEMBL5198135,CC(C)C[C@H](NC(=O)[C@H](C)NC(=O)[C@H](CC(=O)O)NC(=O)[C@H](CC(N)=O)NC(=O)CCCNS(=O)(=O)c1ccc(Oc2ccccc2)cc1)C(=O)N(C)[C@H](C(=O)N1CCC[C@H]1C(N)=O)C(C)C,active,22.0
CHEMBL5191820,CC[C@H](C)[C@@H](C(=O)N1CCC[C@H]1C(N)=O)N(C)C(=O)[C@H](CC(C)C)NC(=O)[C@H](C)NC(=O)[C@H](CC(=O)O)NC(=O)[C@H](CC(N)=O)NC(=O)CCCNS(=O)(=O)c1ccc(Oc2ccccc2)cc1,active,18.0
CHEMBL5209489,CSCC[C@@H](C(=O)N1CCC[C@H]1CC(N)=O)N(C)C(=O)[C@H](CC(C)C)NC(=O)[C@H](C)NC(=O)[C@H](CC(=O)O)NC(=O)[C@H](CC(N)=O)NC(=O)CCCNS(=O)(=O)c1ccc(Oc2ccccc2)cc1,active,1.9
CHEMBL5183245,CC(C)C[C@H](NC(=O)[C@H](C)NC(=O)[C@H](CC(=O)O)NC(=O)[C@H](CC(N)=O)NC(=O)CCCNS(=O)(=O)c1ccc(Oc2ccccc2)cc1)C(=O)N(C)[C@@H](CC(C)C)C(=O)N1CCC[C@H]1CC(N)=O,active,1.3
CHEMBL5203315,CC(C)C[C@H](NC(=O)[C@H](C)NC(=O)[C@H](CC(=O)O)NC(=O)[C@H](CC(N)=O)NC(=O)CCCNS(=O)(=O)c1ccc(Oc2ccccc2)cc1)C(=O)N(C)[C@H](C(=O)N1CCC[C@H]1CC(N)=O)C(C)C,active,5.6
CHEMBL5182207,CC[C@H](C)[C@@H](C(=O)N1CCC[C@H]1CC(N)=O)N(C)C(=O)[C@H](CC(C)C)NC(=O)[C@H](C)NC(=O)[C@H](CC(=O)O)NC(=O)[C@H](CC(N)=O)NC(=O)CCCNS(=O)(=O)c1ccc(Oc2ccccc2)cc1,active,4.7
CHEMBL5206852,CC[C@H](C)[C@@H](C(=O)N1CCC[C@H]1CC(N)=O)N(C)C(=O)[C@H](CC(C)C)NC(=O)[C@H](CN)NC(=O)[C@H](CC(=O)O)NC(=O)[C@H](CC(N)=O)NC(=O)CCCNS(=O)(=O)c1ccc(Oc2ccccc2)cc1,active,127.0
CHEMBL5203492,CC[C@H](C)[C@@H](C(=O)N1CCC[C@H]1CC(N)=O)N(C)C(=O)[C@H](CC(C)C)NC(=O)[C@H](CCN)NC(=O)[C@H](CC(=O)O)NC(=O)[C@H](CC(N)=O)NC(=O)CCCNS(=O)(=O)c1ccc(Oc2ccccc2)cc1,active,541.0
CHEMBL5209121,CC[C@H](C)[C@@H](C(=O)N1CCC[C@H]1CC(N)=O)N(C)C(=O)[C@H](CC(C)C)NC(=O)[C@H](CCCN)NC(=O)[C@H](CC(=O)O)NC(=O)[C@H](CC(N)=O)NC(=O)CCCNS(=O)(=O)c1ccc(Oc2ccccc2)cc1,active,115.0
CHEMBL5185612,CC(C)C[C@H](NC(=O)[C@H](CCN)NC(=O)[C@H](CC(=O)O)NC(=O)[C@H](CC(N)=O)NC(=O)CCCNS(=O)(=O)c1ccc(Oc2ccccc2)cc1)C(=O)N(C)[C@@H](CCC(=O)O)C(=O)N1CCC[C@H]1CC(N)=O,active,492.0
CHEMBL5207603,CC(C)C[C@H](NC(=O)[C@H](CCN)NC(=O)[C@H](CC(=O)O)NC(=O)[C@H](CC(N)=O)NC(=O)CCCNC(=O)c1ccc(Oc2ccccc2)cc1)C(=O)N(C)[C@@H](CCC(=O)O)C(=O)N1CCC[C@H]1CC(N)=O,intermediate,5173.0
CHEMBL5178802,CC(C)C[C@H](NC(=O)[C@H](CCN)NC(=O)[C@H](CC(=O)O)NC(=O)[C@H](CC(N)=O)NC(=O)CCCNC(=O)c1ccc(Oc2ccc(F)cc2)cc1)C(=O)N(C)[C@@H](CCC(=O)O)C(=O)N1CCC[C@H]1CC(N)=O,intermediate,4478.0
CHEMBL5190160,CC(C)C[C@H](NC(=O)[C@H](CCN)NC(=O)[C@H](CC(=O)O)NC(=O)[C@H](CC(N)=O)NC(=O)CCCNC(=O)c1ccc(Oc2ccc(C(N)=O)cc2)cc1)C(=O)N(C)[C@@H](CCC(=O)O)C(=O)N1CCC[C@H]1CC(N)=O,intermediate,3922.0
CHEMBL5177058,CC(C)C[C@H](NC(=O)[C@H](CCN)NC(=O)[C@H](CC(=O)O)NC(=O)[C@H](CC(N)=O)NC(=O)CCNC(=O)c1ccc(Oc2ccc(C(N)=O)cc2)cc1)C(=O)N(C)[C@@H](CCC(=O)O)C(=O)N1CCC[C@H]1CC(N)=O,intermediate,4445.0
CHEMBL5207094,CC(C)C[C@H](NC(=O)[C@H](CCN)NC(=O)[C@H](CC(=O)O)NC(=O)[C@H](CC(N)=O)NC(=O)CCCCNC(=O)c1ccc(Oc2ccc(C(N)=O)cc2)cc1)C(=O)N(C)[C@@H](CCC(=O)O)C(=O)N1CCC[C@H]1CC(N)=O,active,972.0
CHEMBL5206743,CC(C)C[C@H](NC(=O)[C@H](CCN)NC(=O)[C@H](CC(=O)O)NC(=O)[C@H](CC(N)=O)NC(=O)CCCCCNC(=O)c1ccc(Oc2ccc(C(N)=O)cc2)cc1)C(=O)N(C)[C@@H](CCC(=O)O)C(=O)N1CCC[C@H]1CC(N)=O,intermediate,2022.0
CHEMBL5169565,CC(C)C[C@H](NC(=O)[C@H](CCN)NC(=O)[C@H](CC(=O)O)NC(=O)[C@H](CCC(=O)O)NC(=O)CCCCNC(=O)c1ccc(Oc2ccc(C(N)=O)cc2)cc1)C(=O)N(C)[C@@H](CCC(=O)O)C(=O)N1CCC[C@H]1CC(N)=O,intermediate,1367.0
CHEMBL4539943,O=C(O)[C@@H]1[C@@H](Cn2nnc3ccccc3c2=O)CC[C@H]1C(=O)c1ccc(OCCC2CCOCC2)cc1,active,80.0
CHEMBL4585243,O=C(O)[C@H]1[C@H](Cn2nnc3ccccc3c2=O)CC[C@@H]1C(=O)c1ccc(OCCC2CCOCC2)cc1,active,0.085
CHEMBL4539943,O=C(O)[C@@H]1[C@@H](Cn2nnc3ccccc3c2=O)CC[C@H]1C(=O)c1ccc(OCCC2CCOCC2)cc1,inactive,10000.0
CHEMBL1939876,CCOC(=O)c1cc2cc(-c3cc(C(=O)NCc4ccc(C(=O)O)cc4)nn3C)ccc2[nH]1,inactive,22000.0
CHEMBL5267938,O=C(CCCNC(=O)c1cccc(C(=O)NCCCC(=O)NCCC[C@@H](NS(=O)(=O)c2ccc(OCc3cc(Br)cc(Br)c3)cc2)C(=O)NO)c1)NCCC[C@@H](NS(=O)(=O)c1ccc(OCc2cc(Br)cc(Br)c2)cc1)C(=O)NO,active,242.0
CHEMBL5283335,O=C(NCCC[C@@H](NS(=O)(=O)c1ccc(OCc2cc(Br)cc(Br)c2)cc1)C(=O)NO)c1cccc(C(=O)NCCC[C@@H](NS(=O)(=O)c2ccc(OCc3cc(Br)cc(Br)c3)cc2)C(=O)NO)c1,active,41.0
CHEMBL2431028,NC(=O)NCCC[C@@H](NS(=O)(=O)c1ccc(OCc2cc(Br)cc(Br)c2)cc1)C(=O)NO,active,9.4
CHEMBL5277375,O=C(O)CCC(NC(=O)Cc1ccc(Br)cc1)C(=O)NCc1ccc([N+](=O)[O-])cc1,inactive,138320.0
CHEMBL4859268,CC(C)(Cc1ccc(F)cc1)NC(=O)[C@H](CCC(=O)O)NC(=O)c1ccc(-c2ccccc2)cc1,intermediate,1960.0
CHEMBL5288452,Cc1ccc(-c2cc(-c3ccc(S(=O)(=O)N[C@H](C(=O)O)C(C)C)cc3)no2)s1,active,0.368
CHEMBL5280430,CCc1ccc(-c2cc(-c3ccc(S(=O)(=O)N[C@H](C(=O)O)C(C)C)cc3)no2)s1,active,0.566
CHEMBL5283653,COc1ccc(S(=O)(=O)N2[C@H](C(=O)NO)C[C@@H]3CCN(C(=O)CCc4ccccc4)C[C@@H]32)cc1,active,50.0
CHEMBL2435340,O=C(NCc1ccc(-c2ccccc2)cc1)c1cccc(=O)n1O,active,18.0
CHEMBL5274715,O=C(NCc1ccc(-c2ccccc2)cc1)c1occc(=O)c1O,active,18.0
CHEMBL255374,Cc1cc(=O)c(O)c(C(=O)NCc2ccc(-c3ccccc3)cc2)o1,active,18.0
CHEMBL5169565,CC(C)C[C@H](NC(=O)[C@H](CCN)NC(=O)[C@H](CC(=O)O)NC(=O)[C@H](CCC(=O)O)NC(=O)CCCCNC(=O)c1ccc(Oc2ccc(C(N)=O)cc2)cc1)C(=O)N(C)[C@@H](CCC(=O)O)C(=O)N1CCC[C@H]1CC(N)=O,intermediate,1367.0
CHEMBL5430533,CC[C@H](C)[C@@H](C(=O)N1CCC[C@H]1CC(N)=O)N(C)C(=O)[C@H](CC(C)C)NC(=O)[C@H](CCN)NC(=O)CC[C@@H](NS(=O)(=O)c1ccc(-c2ccccc2)cc1)C(=O)O,active,240.0
CHEMBL5435794,CC[C@H](C)[C@@H](C(=O)N1CCC[C@H]1CC(N)=O)N(C)C(=O)[C@H](CC(C)C)NC(=O)[C@H](CCN)NC(=O)CC[C@@H](NS(=O)(=O)c1ccc(NC(=O)c2ccccc2)cc1)C(=O)O,active,990.0
CHEMBL5415277,CC[C@H](C)[C@@H](C(=O)N1CCC[C@H]1CC(N)=O)N(C)C(=O)[C@H](CC(C)C)NC(=O)[C@H](CCN)NC(=O)CC[C@@H](NS(=O)(=O)c1ccc(NC(=O)c2ccc(Cl)cc2)cc1)C(=O)O,active,200.0
CHEMBL5432078,CC[C@H](C)[C@@H](C(=O)N1CCC[C@H]1CC(N)=O)N(C)C(=O)[C@H](CC(C)C)NC(=O)[C@H](CCN)NC(=O)CC[C@@H](NS(=O)(=O)c1ccc(NC(=O)c2ccc(C(N)=O)cc2)cc1)C(=O)O,active,400.0
CHEMBL5404909,CC[C@H](C)[C@@H](C(=O)NCCC(N)=O)N(C)C(=O)[C@H](CC(C)C)NC(=O)[C@H](CCN)NC(=O)CC[C@@H](NS(=O)(=O)c1ccc(NC(=O)c2ccc(Cl)cc2)cc1)C(=O)O,active,240.0
CHEMBL5416701,CC[C@H](C)[C@@H](C(=O)NCCCC(N)=O)N(C)C(=O)[C@H](CC(C)C)NC(=O)[C@H](CCN)NC(=O)CC[C@@H](NS(=O)(=O)c1ccc(NC(=O)c2ccc(Cl)cc2)cc1)C(=O)O,active,230.0
CHEMBL5396642,CC[C@H](C)[C@@H](C(=O)NCCCCC(N)=O)N(C)C(=O)[C@H](CC(C)C)NC(=O)[C@H](CCN)NC(=O)CC[C@@H](NS(=O)(=O)c1ccc(NC(=O)c2ccc(Cl)cc2)cc1)C(=O)O,active,180.0
CHEMBL5413121,CC[C@H](C)[C@@H](C(=O)NCCCCCC(N)=O)N(C)C(=O)[C@H](CC(C)C)NC(=O)[C@H](CCN)NC(=O)CC[C@@H](NS(=O)(=O)c1ccc(NC(=O)c2ccc(Cl)cc2)cc1)C(=O)O,active,260.0
CHEMBL5418691,CC[C@H](C)[C@@H](C(=O)NCCCCC(N)=O)N(C)C(=O)[C@H](CC(C)C)NC(=O)[C@H](CCN)NC(=O)CC[C@@H](NS(=O)(=O)c1ccc(NC(=O)c2ccc(C(N)=O)cc2)cc1)C(=O)O,active,410.0
CHEMBL5399181,CC[C@H](C)[C@@H](C(=O)NCCCCC(N)=O)N(C)C(=O)[C@H](CC(C)C)NC(=O)[C@@H]1CNCCN1C(=O)CC[C@@H](NS(=O)(=O)c1ccc(NC(=O)c2ccc(Cl)cc2)cc1)C(=O)O,active,78.0
CHEMBL5418885,CC[C@H](C)[C@@H](C(=O)NCCCCC(N)=O)N(C)C(=O)[C@H](CC(C)C)NC(=O)[C@@H]1C[C@H](N)CN1C(=O)CC[C@@H](NS(=O)(=O)c1ccc(NC(=O)c2ccc(C(N)=O)cc2)cc1)C(=O)O,active,160.0
CHEMBL5412341,CC(C)C[C@H](NC(=O)[C@@H]1C[C@H](N)CN1C(=O)CC[C@@H](NS(=O)(=O)c1ccc(NC(=O)c2ccc(C(N)=O)cc2)cc1)C(=O)O)C(=O)N(C)[C@@H](CCC(=O)O)C(=O)NCCCCC(N)=O,active,250.0
CHEMBL5398498,CC(C)C[C@H](NC(=O)[C@@H]1CCCN1C(=O)CC[C@@H](NS(=O)(=O)c1ccc(NC(=O)c2ccc(C(N)=O)cc2)cc1)C(=O)O)C(=O)N(C)[C@@H](CCC(=O)O)C(=O)NCCCCC(N)=O,active,52.0
CHEMBL5436337,Cc1ccc(-c2noc(-c3ccc(S(=O)(=O)N[C@@H](C(=O)O)C(C)C)cc3)n2)s1,active,14.0
CHEMBL5429762,CC(C)[C@@H](NS(=O)(=O)c1ccc(-c2nc(-c3ccc(Cn4cc(CCCF)nn4)s3)no2)cc1)C(=O)O,active,13.0
CHEMBL5428131,CC(C)[C@@H](NS(=O)(=O)c1ccc(-c2nc(-c3ccc(Cn4cc(CCCCCF)nn4)s3)no2)cc1)C(=O)O,active,29.0
CHEMBL5401833,Cc1ccc(-c2noc(-c3ccc(S(=O)(=O)N(C)[C@@H](C(=O)O)C(C)C)cc3)n2)s1,active,37.0
CHEMBL5267731,CCN([C@@H](C(=O)O)C(C)C)S(=O)(=O)c1ccc(-c2nc(-c3ccc(C)s3)no2)cc1,active,58.0
CHEMBL5424250,Cc1ccc(-c2noc(-c3ccc(S(=O)(=O)N(CCF)[C@@H](C(=O)O)C(C)C)cc3)n2)s1,active,36.0
CHEMBL5396285,CCCCN([C@@H](C(=O)O)C(C)C)S(=O)(=O)c1ccc(-c2nc(-c3ccc(C)s3)no2)cc1,active,105.0
CHEMBL5406867,Cc1ccc(-c2noc(-c3ccc(S(=O)(=O)N(CCCCF)[C@@H](C(=O)O)C(C)C)cc3)n2)s1,active,41.0
CHEMBL5419103,Cc1ccc(-c2noc(-c3ccc(S(=O)(=O)N(CCCC(F)(F)F)[C@@H](C(=O)O)C(C)C)cc3)n2)s1,active,164.0
CHEMBL5434496,CCCN([C@@H](C(=O)O)C(C)C)S(=O)(=O)c1ccc(-c2nc(-c3ccc(C)s3)no2)cc1,active,26.0
CHEMBL5406674,CCCCCN([C@@H](C(=O)O)C(C)C)S(=O)(=O)c1ccc(-c2nc(-c3ccc(C)s3)no2)cc1,active,162.0
CHEMBL5420372,CCCCCCN([C@@H](C(=O)O)C(C)C)S(=O)(=O)c1ccc(-c2nc(-c3ccc(C)s3)no2)cc1,active,527.0
CHEMBL5405287,CCCCCCCCN([C@@H](C(=O)O)C(C)C)S(=O)(=O)c1ccc(-c2nc(-c3ccc(C)s3)no2)cc1,intermediate,3600.0
CHEMBL5438981,CCCCCCCCCCCCCCCCN([C@@H](C(=O)O)C(C)C)S(=O)(=O)c1ccc(-c2nc(-c3ccc(C)s3)no2)cc1,inactive,10000.0
CHEMBL5395662,Cc1ccc(-c2noc(-c3ccc(S(=O)(=O)N(Cc4ccccc4)[C@@H](C(=O)O)C(C)C)cc3)n2)s1,active,113.0
CHEMBL5413782,Cc1ccc(-c2noc(-c3ccc(S(=O)(=O)N(CCCCCCCCCCCCN=[N+]=[N-])[C@@H](C(=O)O)C(C)C)cc3)n2)s1,intermediate,4000.0
CHEMBL5430097,Cc1ccc(-c2noc(-c3ccc(S(=O)(=O)N(CCOCOCCCOCCN=[N+]=[N-])[C@@H](C(=O)O)C(C)C)cc3)n2)s1,active,182.0
CHEMBL5402198,CC(C)C[C@H](NC(=O)CNC(=O)CC[C@H](NS(=O)(=O)c1ccc(Cl)c(C(F)(F)F)c1)C(=O)O)C(=O)N[C@H](C(=O)N1CCC[C@H]1CC(N)=O)C(C)(C)C,intermediate,2900.0
CHEMBL5417105,CC(C)(C)[C@H](NC(=O)[C@H](Cc1ccncc1)NC(=O)CNC(=O)CC[C@H](NS(=O)(=O)c1ccc(Cl)c(C(F)(F)F)c1)C(=O)O)C(=O)N1CCC[C@H]1CC(N)=O,intermediate,1300.0
CHEMBL5568549,C[C@H](C[C@H](COC(=O)CCC(=O)O)NC(=O)c1ccc(Oc2ccccc2)cc1)C(=O)NO,active,2.6
CHEMBL5558206,C[C@H](C[C@H](CO)NC(=O)c1ccc(Oc2ccccc2)cc1)C(=O)NO,active,3.5
CHEMBL5560744,O=C(CC[C@@H](NS(=O)(=O)c1ccc([N+](=O)[O-])cc1)C(=O)O)NCc1ccccc1,intermediate,1716.9
CHEMBL5557636,Cc1ccc(S(=O)(=O)N[C@H](CCC(=O)NCc2ccccc2)C(=O)O)cc1,intermediate,1237.39
CHEMBL5584155,CC(C)(C)[C@H](NC(=O)[C@H](Cc1ccncc1)NC(=O)CNC(=O)CC[C@H](NS(=O)(=O)c1ccc(Cl)c(C(F)(F)F)c1)C(=O)O)C(=O)Nc1ccc(C(=O)N2CCC(C(=O)N[C@H](CCCCN)C(=O)N3CC[C@H](N)C3)CC2)cc1,active,730.0
CHEMBL5633315,O=C(O)CC[C@H](NC(=O)Cc1ccc(Br)cc1)C(=O)NCc1ccc([N+](=O)[O-])cc1,inactive,138320.0
CHEMBL5575976,Cn1nccc1[C@]1(CNC(=O)c2ccc(F)c(F)c2-c2ccc(C(F)(F)F)cc2)NC(=O)NC1=O,intermediate,5376.0
CHEMBL5759413,Cc1ccnc(COc2ccc(Sc3ccoc3C3NC(=O)NC3=O)cc2)c1,intermediate,5000.0
CHEMBL5981025,Cc1cccc(COc2ccc(Sc3ccoc3C3NC(=O)NC3=O)cc2)n1,intermediate,2750.0
CHEMBL6018315,Cc1cncc(COc2ccc(Sc3ccoc3C3NC(=O)NC3=O)cc2)c1,intermediate,2750.0
CHEMBL5976402,Cc1cc(COc2ccc(Sc3ccoc3C3NC(=O)NC3=O)cc2)ccn1,active,500.0
CHEMBL5923334,Cc1cccc(COc2ccc(Sc3ccoc3C3NC(=O)NC3=O)cc2)[n+]1O,intermediate,5500.0
CHEMBL5898530,Cc1cc(COc2ccc(Sc3ccoc3C3NC(=O)NC3=O)cc2)c[n+]([O-])c1,intermediate,5000.0
CHEMBL5789359,Cc1cc(COc2ccc(Sc3ccoc3C3NC(=O)NC3=O)cc2)cc[n+]1[O-],intermediate,2750.0
CHEMBL5903685,Cc1cccc(COc2ccc(Sc3ccoc3C3(C)NC(=O)NC3=O)cc2)c1,active,500.0
CHEMBL5978262,CCC1(c2occc2Sc2ccc(OCc3cccc(C)c3)cc2)NC(=O)NC1=O,intermediate,2750.0
CHEMBL5834666,Cc1cccc(COc2ccc(Sc3ccoc3C3(CC(C)C)NC(=O)NC3=O)cc2)c1,active,500.0
CHEMBL5768277,CCCC1(c2occc2Sc2ccc(OCc3cccc(C)c3)cc2)NC(=O)NC1=O,active,500.0
CHEMBL6018170,Cc1cccc(COc2ccc(Sc3ccoc3C3(C(C)C)NC(=O)NC3=O)cc2)c1,active,500.0
CHEMBL5811313,COc1cc(COc2ccc(Sc3ccoc3C3NC(=O)NC3=O)cc2)ccn1,intermediate,2750.0
CHEMBL5868828,CCOc1cc(COc2ccc(Sc3ccoc3C3NC(=O)NC3=O)cc2)ccn1,intermediate,2750.0
CHEMBL5787490,CC(C)COc1cc(COc2ccc(Sc3ccoc3C3NC(=O)NC3=O)cc2)ccn1,intermediate,5000.0
CHEMBL5901597,CC(C)Oc1cc(COc2ccc(Sc3ccoc3C3NC(=O)NC3=O)cc2)ccn1,intermediate,5000.0
CHEMBL6050044,NC(=O)c1cccc(COc2ccc(Sc3ccoc3C3NC(=O)NC3=O)cc2)c1,active,500.0
CHEMBL6017424,NC(=O)c1ccc(COc2ccc(Sc3ccoc3C3NC(=O)NC3=O)cc2)cc1,intermediate,2750.0
CHEMBL5932071,CCOc1cccc(COc2ccc(Sc3ccoc3C3NC(=O)NC3=O)cc2)c1,intermediate,5000.0
CHEMBL5948654,CC(C)Oc1cccc(COc2ccc(Sc3ccoc3C3NC(=O)NC3=O)cc2)c1,intermediate,5000.0
CHEMBL6009352,CCCOc1cccc(COc2ccc(Sc3ccoc3C3NC(=O)NC3=O)cc2)c1,intermediate,5500.0
CHEMBL6005340,O=C1NC(=O)C(c2occc2Sc2ccc(OCc3cccc(CO)c3)cc2)N1,active,500.0
CHEMBL5765816,O=C1NC(=O)C(c2occc2Sc2ccc(OCc3ccccc3CO)cc2)N1,active,500.0
CHEMBL6054861,O=C1NC(=O)C(c2occc2Sc2ccc(OCc3ccc(CO)cc3)cc2)N1,active,500.0
CHEMBL6020183,O=C1NC(=O)C(c2occc2Sc2ccc(OCc3cccc(O)c3)cc2)N1,active,500.0
CHEMBL5764784,Cc1cc(Sc2ccc(OCc3cccc(CO)c3)cc2)c(C2NC(=O)NC2=O)o1,active,500.0
CHEMBL5955438,Cc1cccc(COc2ccc(Sc3cc(C)oc3C3NC(=O)NC3=O)cc2)c1,intermediate,2750.0
CHEMBL6064917,NC(=O)c1cc(COc2ccc(Sc3ccoc3C3NC(=O)NC3=O)cc2)ccn1,intermediate,2750.0
CHEMBL5976402,Cc1cc(COc2ccc(Sc3ccoc3C3NC(=O)NC3=O)cc2)ccn1,intermediate,2750.0
CHEMBL5976402,Cc1cc(COc2ccc(Sc3ccoc3C3NC(=O)NC3=O)cc2)ccn1,intermediate,2750.0
CHEMBL5931298,CCC1(c2occc2Sc2ccc(OCc3ccnc(C)c3)cc2)NC(=O)NC1=O,active,500.0
CHEMBL5852973,Cc1cc(CN(C)c2ccc(Sc3ccoc3C3NC(=O)NC3=O)cc2)ccn1,intermediate,5500.0
CHEMBL5969352,Cc1cc(C#Cc2ccc(Sc3ccoc3C3NC(=O)NC3=O)cc2)ccn1,active,55.0
CHEMBL5782511,Cc1cc(/C=C/c2ccc(Sc3ccoc3C3NC(=O)NC3=O)cc2)ccn1,active,1.0
CHEMBL5919217,CCC1(c2occc2Sc2ccc(/C=C/c3ccnc(C)c3)cc2)NC(=O)NC1=O,active,1.0
CHEMBL6001334,Cc1cc(C#Cc2ccc(Sc3ccncc3C3NC(=O)NC3=O)cc2)ccn1,active,5.5
CHEMBL5874882,Cc1cc(/C=C/c2ccc(Sc3ccncc3C3NC(=O)NC3=O)cc2)ccn1,active,1.0
CHEMBL5867169,Cc1cc(/C=C/c2ccc(Oc3ccncc3C3NC(=O)NC3=O)cc2)ccn1,active,1.0
CHEMBL5804712,Cc1cc(C#Cc2ccc(Oc3ccncc3C3NC(=O)NC3=O)cc2)ccn1,active,5.5
CHEMBL5742512,CCC1(c2cnccc2Sc2ccc(/C=C/c3ccnc(C)c3)cc2)NC(=O)NC1=O,active,1.0
CHEMBL5800908,Cc1cc(C#Cc2ccc(Sc3ccsc3C3NC(=O)NC3=O)cc2)ccn1,active,1.0
CHEMBL6006240,Cc1cc(/C=C/c2ccc(Sc3ccsc3C3NC(=O)NC3=O)cc2)ccn1,active,1.0
CHEMBL5761540,Cc1cc(C#Cc2ccc(Sc3cnn(C)c3C3NC(=O)NC3=O)cc2)ccn1,active,1.0
CHEMBL6013997,Cc1cc(/C=C/c2ccc(Sc3cnn(C)c3C3NC(=O)NC3=O)cc2)ccn1,active,1.0
